-10,-9,-8,-7,-6,-5,-4,-3,-2,-1,0,1,2,3,4,5,6,7,8,9,10
0.0,0.0,0.0,0.0,0.0,0.0,0.0,0.0,0.0,0.0,0.0,0.0,0.0,0.0,0.0,0.0,0.0,0.0,0.0,0.0,0.0
0.3529411764705882,0.3529411764705882,0.3529411764705882,0.3529411764705882,0.3529411764705882,0.3529411764705882,0.3529411764705882,0.3529411764705882,0.3529411764705882,0.3529411764705882,0.3529411764705882,0.3529411764705882,0.3529411764705882,0.3529411764705882,0.3529411764705882,0.3529411764705882,0.3529411764705882,0.3529411764705882,0.3529411764705882,0.3529411764705882,0.3529411764705882
0.7058823529411764,0.7058823529411764,0.7058823529411764,0.7058823529411764,0.7058823529411764,0.7058823529411764,0.7058823529411764,0.7058823529411764,0.7058823529411764,0.7058823529411764,0.7058823529411764,0.7058823529411764,0.7058823529411764,0.7058823529411764,0.7058823529411764,0.7058823529411764,0.7058823529411764,0.7058823529411764,0.7058823529411764,0.7058823529411764,0.7058823529411764
1.0588235294117647,1.0588235294117647,1.0588235294117647,1.0588235294117647,1.0588235294117647,1.0588235294117647,1.0588235294117647,1.0588235294117647,1.0588235294117647,1.0588235294117647,1.0588235294117647,1.0588235294117647,1.0588235294117647,1.0588235294117647,1.0588235294117647,1.0588235294117647,1.0588235294117647,1.0588235294117647,1.0588235294117647,1.0588235294117647,1.0588235294117647
1.4117647058823528,1.4117647058823528,1.4117647058823528,1.4117647058823528,1.4117647058823528,1.4117647058823528,1.4117647058823528,1.4117647058823528,1.4117647058823528,1.4117647058823528,1.4117647058823528,1.4117647058823528,1.4117647058823528,1.4117647058823528,1.4117647058823528,1.4117647058823528,1.4117647058823528,1.4117647058823528,1.4117647058823528,1.4117647058823528,1.4117647058823528
1.7647058823529411,1.7647058823529411,1.7647058823529411,1.7647058823529411,1.7647058823529411,1.7647058823529411,1.7647058823529411,1.7647058823529411,1.7647058823529411,1.7647058823529411,1.7647058823529411,1.7647058823529411,1.7647058823529411,1.7647058823529411,1.7647058823529411,1.7647058823529411,1.7647058823529411,1.7647058823529411,1.7647058823529411,1.7647058823529411,1.7647058823529411
2.117647058823529,2.117647058823529,2.117647058823529,2.117647058823529,2.117647058823529,2.117647058823529,2.117647058823529,2.117647058823529,2.117647058823529,2.117647058823529,2.117647058823529,2.117647058823529,2.117647058823529,2.117647058823529,2.117647058823529,2.117647058823529,2.117647058823529,2.117647058823529,2.117647058823529,2.117647058823529,2.117647058823529
2.4705882352941178,2.4705882352941178,2.4705882352941178,2.4705882352941178,2.4705882352941178,2.4705882352941178,2.4705882352941178,2.4705882352941178,2.4705882352941178,2.4705882352941178,2.4705882352941178,2.4705882352941178,2.4705882352941178,2.4705882352941178,2.4705882352941178,2.4705882352941178,2.4705882352941178,2.4705882352941178,2.4705882352941178,2.4705882352941178,2.4705882352941178
2.8235294117647056,2.8235294117647056,2.8235294117647056,2.8235294117647056,2.8235294117647056,2.8235294117647056,2.8235294117647056,2.8235294117647056,2.8235294117647056,2.8235294117647056,2.8235294117647056,2.8235294117647056,2.8235294117647056,2.8235294117647056,2.8235294117647056,2.8235294117647056,2.8235294117647056,2.8235294117647056,2.8235294117647056,2.8235294117647056,2.8235294117647056
3.176470588235294,3.176470588235294,3.176470588235294,3.176470588235294,3.176470588235294,3.176470588235294,3.176470588235294,3.176470588235294,3.176470588235294,3.176470588235294,3.176470588235294,3.176470588235294,3.176470588235294,3.176470588235294,3.176470588235294,3.176470588235294,3.176470588235294,3.176470588235294,3.176470588235294,3.176470588235294,3.176470588235294
3.5294117647058822,3.5294117647058822,3.5294117647058822,3.5294117647058822,3.5294117647058822,3.5294117647058822,3.5294117647058822,3.5294117647058822,3.5294117647058822,3.5294117647058822,3.5294117647058822,3.5294117647058822,3.5294117647058822,3.5294117647058822,3.5294117647058822,3.5294117647058822,3.5294117647058822,3.5294117647058822,3.5294117647058822,3.5294117647058822,3.5294117647058822
3.882352941176471,3.882352941176471,3.882352941176471,3.882352941176471,3.882352941176471,3.882352941176471,3.882352941176471,3.882352941176471,3.882352941176471,3.882352941176471,3.882352941176471,3.882352941176471,3.882352941176471,3.882352941176471,3.882352941176471,3.882352941176471,3.882352941176471,3.882352941176471,3.882352941176471,3.882352941176471,3.882352941176471
4.235294117647059,4.235294117647059,4.235294117647059,4.235294117647059,4.235294117647059,4.235294117647059,4.235294117647059,4.235294117647059,4.235294117647059,4.235294117647059,4.235294117647059,4.235294117647059,4.235294117647059,4.235294117647059,4.235294117647059,4.235294117647059,4.235294117647059,4.235294117647059,4.235294117647059,4.235294117647059,4.235294117647059
4.588235294117647,4.588235294117647,4.588235294117647,4.588235294117647,4.588235294117647,4.588235294117647,4.588235294117647,4.588235294117647,4.588235294117647,4.588235294117647,4.588235294117647,4.588235294117647,4.588235294117647,4.588235294117647,4.588235294117647,4.588235294117647,4.588235294117647,4.588235294117647,4.588235294117647,4.588235294117647,4.588235294117647
4.941176470588236,4.941176470588236,4.941176470588236,4.941176470588236,4.941176470588236,4.941176470588236,4.941176470588236,4.941176470588236,4.941176470588236,4.941176470588236,4.941176470588236,4.941176470588236,4.941176470588236,4.941176470588236,4.941176470588236,4.941176470588236,4.941176470588236,4.941176470588236,4.941176470588236,4.941176470588236,4.941176470588236
5.294117647058823,5.294117647058823,5.294117647058823,5.294117647058823,5.294117647058823,5.294117647058823,5.294117647058823,5.294117647058823,5.294117647058823,5.294117647058823,5.294117647058823,5.294117647058823,5.294117647058823,5.294117647058823,5.294117647058823,5.294117647058823,5.294117647058823,5.294117647058823,5.294117647058823,5.294117647058823,5.294117647058823
5.647058823529412,5.647058823529412,5.647058823529412,5.647058823529412,5.647058823529412,5.647058823529412,5.647058823529412,5.647058823529412,5.647058823529412,5.647058823529412,5.647058823529412,5.647058823529412,5.647058823529412,5.647058823529412,5.647058823529412,5.647058823529412,5.647058823529412,5.647058823529412,5.647058823529412,5.647058823529412,5.647058823529412
6.0,6.0,6.0,6.0,6.0,6.0,6.0,6.0,6.0,6.0,6.0,6.0,6.0,6.0,6.0,6.0,6.0,6.0,6.0,6.0,6.0
6.352941176470589,6.352941176470589,6.352941176470589,6.352941176470589,6.352941176470589,6.352941176470589,6.352941176470589,6.352941176470589,6.352941176470589,6.352941176470589,6.352941176470589,6.352941176470589,6.352941176470589,6.352941176470589,6.352941176470589,6.352941176470589,6.352941176470589,6.352941176470589,6.352941176470589,6.352941176470589,6.352941176470589
6.705882352941177,6.705882352941177,6.705882352941177,6.705882352941177,6.705882352941177,6.705882352941177,6.705882352941177,6.705882352941177,6.705882352941177,6.705882352941177,6.705882352941177,6.705882352941177,6.705882352941177,6.705882352941177,6.705882352941177,6.705882352941177,6.705882352941177,6.705882352941177,6.705882352941177,6.705882352941177,6.705882352941177
7.0588235294117645,7.0588235294117645,7.0588235294117645,7.0588235294117645,7.0588235294117645,7.0588235294117645,7.0588235294117645,7.0588235294117645,7.0588235294117645,7.0588235294117645,7.0588235294117645,7.0588235294117645,7.0588235294117645,7.0588235294117645,7.0588235294117645,7.0588235294117645,7.0588235294117645,7.0588235294117645,7.0588235294117645,7.0588235294117645,7.0588235294117645
7.411764705882353,7.411764705882353,7.411764705882353,7.411764705882353,7.411764705882353,7.411764705882353,7.411764705882353,7.411764705882353,7.411764705882353,7.411764705882353,7.411764705882353,7.411764705882353,7.411764705882353,7.411764705882353,7.411764705882353,7.411764705882353,7.411764705882353,7.411764705882353,7.411764705882353,7.411764705882353,7.411764705882353
7.764705882352941,7.764705882352941,7.764705882352941,7.764705882352941,7.764705882352941,7.764705882352941,7.764705882352941,7.764705882352941,7.764705882352941,7.764705882352941,7.764705882352941,7.764705882352941,7.764705882352941,7.764705882352941,7.764705882352941,7.764705882352941,7.764705882352941,7.764705882352941,7.764705882352941,7.764705882352941,7.764705882352941
8.117647058823529,8.117647058823529,8.117647058823529,8.117647058823529,8.117647058823529,8.117647058823529,8.117647058823529,8.117647058823529,8.117647058823529,8.117647058823529,8.117647058823529,8.117647058823529,8.117647058823529,8.117647058823529,8.117647058823529,8.117647058823529,8.117647058823529,8.117647058823529,8.117647058823529,8.117647058823529,8.117647058823529
8.470588235294118,8.470588235294118,8.470588235294118,8.470588235294118,8.470588235294118,8.470588235294118,8.470588235294118,8.470588235294118,8.470588235294118,8.470588235294118,8.470588235294118,8.470588235294118,8.470588235294118,8.470588235294118,8.470588235294118,8.470588235294118,8.470588235294118,8.470588235294118,8.470588235294118,8.470588235294118,8.470588235294118
8.823529411764707,8.823529411764707,8.823529411764707,8.823529411764707,8.823529411764707,8.823529411764707,8.823529411764707,8.823529411764707,8.823529411764707,8.823529411764707,8.823529411764707,8.823529411764707,8.823529411764707,8.823529411764707,8.823529411764707,8.823529411764707,8.823529411764707,8.823529411764707,8.823529411764707,8.823529411764707,8.823529411764707
9.176470588235292,9.176470588235292,9.176470588235292,9.176470588235292,9.176470588235292,9.176470588235292,9.176470588235292,9.176470588235292,9.176470588235292,9.176470588235292,9.176470588235292,9.176470588235292,9.176470588235292,9.176470588235292,9.176470588235292,9.176470588235292,9.176470588235292,9.176470588235292,9.176470588235292,9.176470588235292,9.176470588235292
9.529411764705882,9.529411764705882,9.529411764705882,9.529411764705882,9.529411764705882,9.529411764705882,9.529411764705882,9.529411764705882,9.529411764705882,9.529411764705882,9.529411764705882,9.529411764705882,9.529411764705882,9.529411764705882,9.529411764705882,9.529411764705882,9.529411764705882,9.529411764705882,9.529411764705882,9.529411764705882,9.529411764705882
9.882352941176473,9.882352941176473,9.882352941176473,9.882352941176473,9.882352941176473,9.882352941176473,9.882352941176473,9.882352941176473,9.882352941176473,9.882352941176473,9.882352941176473,9.882352941176473,9.882352941176473,9.882352941176473,9.882352941176473,9.882352941176473,9.882352941176473,9.882352941176473,9.882352941176473,9.882352941176473,9.882352941176473
10.388211724705885,10.388211724705885,10.388211724705885,10.388211724705885,10.388211724705885,10.388211724705885,10.388211724705885,10.388211724705885,10.388211724705885,10.388211724705885,10.388211724705885,10.388211724705885,10.388211724705885,10.388211724705885,10.388211724705885,10.388211724705885,10.388211724705885,10.388211724705885,10.388211724705885,10.388211724705885,10.388211724705885
10.970529311764707,10.970529311764707,10.970529311764707,10.970529311764707,10.970529311764707,10.970529311764707,10.970529311764707,10.970529311764707,10.970529311764707,10.970529311764707,10.970529311764707,10.970529311764707,10.970529311764707,10.970529311764707,10.970529311764707,10.970529311764707,10.970529311764707,10.970529311764707,10.970529311764707,10.970529311764707,10.970529311764707
11.55284689882353,11.55284689882353,11.55284689882353,11.55284689882353,11.55284689882353,11.55284689882353,11.55284689882353,11.55284689882353,11.55284689882353,11.55284689882353,11.55284689882353,11.55284689882353,11.55284689882353,11.55284689882353,11.55284689882353,11.55284689882353,11.55284689882353,11.55284689882353,11.55284689882353,11.55284689882353,11.55284689882353
12.135164485882353,12.135164485882353,12.135164485882353,12.135164485882353,12.135164485882353,12.135164485882353,12.135164485882353,12.135164485882353,12.135164485882353,12.135164485882353,12.135164485882353,12.135164485882353,12.135164485882353,12.135164485882353,12.135164485882353,12.135164485882353,12.135164485882353,12.135164485882353,12.135164485882353,12.135164485882353,12.135164485882353
12.717482072941175,12.717482072941175,12.717482072941175,12.717482072941175,12.717482072941175,12.717482072941175,12.717482072941175,12.717482072941175,12.717482072941175,12.717482072941175,12.717482072941175,12.717482072941175,12.717482072941175,12.717482072941175,12.717482072941175,12.717482072941175,12.717482072941175,12.717482072941175,12.717482072941175,12.717482072941175,12.717482072941175
13.29979966,13.29979966,13.29979966,13.29979966,13.29979966,13.29979966,13.29979966,13.29979966,13.29979966,13.29979966,13.29979966,13.29979966,13.29979966,13.29979966,13.29979966,13.29979966,13.29979966,13.29979966,13.29979966,13.29979966,13.29979966
13.882117247058826,13.882117247058826,13.882117247058826,13.882117247058826,13.882117247058826,13.882117247058826,13.882117247058826,13.882117247058826,13.882117247058826,13.882117247058826,13.882117247058826,13.882117247058826,13.882117247058826,13.882117247058826,13.882117247058826,13.882117247058826,13.882117247058826,13.882117247058826,13.882117247058826,13.882117247058826,13.882117247058826
14.464434834117649,14.464434834117649,14.464434834117649,14.464434834117649,14.464434834117649,14.464434834117649,14.464434834117649,14.464434834117649,14.464434834117649,14.464434834117649,14.464434834117649,14.464434834117649,14.464434834117649,14.464434834117649,14.464434834117649,14.464434834117649,14.464434834117649,14.464434834117649,14.464434834117649,14.464434834117649,14.464434834117649
15.046752421176468,15.046752421176468,15.046752421176468,15.046752421176468,15.046752421176468,15.046752421176468,15.046752421176468,15.046752421176468,15.046752421176468,15.046752421176468,15.046752421176468,15.046752421176468,15.046752421176468,15.046752421176468,15.046752421176468,15.046752421176468,15.046752421176468,15.046752421176468,15.046752421176468,15.046752421176468,15.046752421176468
15.629070008235294,15.629070008235294,15.629070008235294,15.629070008235294,15.629070008235294,15.629070008235294,15.629070008235294,15.629070008235294,15.629070008235294,15.629070008235294,15.629070008235294,15.629070008235294,15.629070008235294,15.629070008235294,15.629070008235294,15.629070008235294,15.629070008235294,15.629070008235294,15.629070008235294,15.629070008235294,15.629070008235294
16.21138759529412,16.21138759529412,16.21138759529412,16.21138759529412,16.21138759529412,16.21138759529412,16.21138759529412,16.21138759529412,16.21138759529412,16.21138759529412,16.21138759529412,16.21138759529412,16.21138759529412,16.21138759529412,16.21138759529412,16.21138759529412,16.21138759529412,16.21138759529412,16.21138759529412,16.21138759529412,16.21138759529412
16.79370518235294,16.79370518235294,16.79370518235294,16.79370518235294,16.79370518235294,16.79370518235294,16.79370518235294,16.79370518235294,16.79370518235294,16.79370518235294,16.79370518235294,16.79370518235294,16.79370518235294,16.79370518235294,16.79370518235294,16.79370518235294,16.79370518235294,16.79370518235294,16.79370518235294,16.79370518235294,16.79370518235294
17.37602276941176,17.37602276941176,17.37602276941176,17.37602276941176,17.37602276941176,17.37602276941176,17.37602276941176,17.37602276941176,17.37602276941176,17.37602276941176,17.37602276941176,17.37602276941176,17.37602276941176,17.37602276941176,17.37602276941176,17.37602276941176,17.37602276941176,17.37602276941176,17.37602276941176,17.37602276941176,17.37602276941176
17.958340356470586,17.958340356470586,17.958340356470586,17.958340356470586,17.958340356470586,17.958340356470586,17.958340356470586,17.958340356470586,17.958340356470586,17.958340356470586,17.958340356470586,17.958340356470586,17.958340356470586,17.958340356470586,17.958340356470586,17.958340356470586,17.958340356470586,17.958340356470586,17.958340356470586,17.958340356470586,17.958340356470586
18.99027175917648,18.99027175917648,18.99027175917648,18.99027175917648,18.99027175917648,18.99027175917648,18.99027175917648,18.99027175917648,18.99027175917648,18.99027175917648,18.99027175917648,18.99027175917648,18.99027175917648,18.99027175917648,18.99027175917648,18.99027175917648,18.99027175917648,18.99027175917648,18.99027175917648,18.99027175917648,18.99027175917648
20.47181697752941,20.47181697752941,20.47181697752941,20.47181697752941,20.47181697752941,20.47181697752941,20.47181697752941,20.47181697752941,20.47181697752941,20.47181697752941,20.47181697752941,20.47181697752941,20.47181697752941,20.47181697752941,20.47181697752941,20.47181697752941,20.47181697752941,20.47181697752941,20.47181697752941,20.47181697752941,20.47181697752941
21.95336219588235,21.95336219588235,21.95336219588235,21.95336219588235,21.95336219588235,21.95336219588235,21.95336219588235,21.95336219588235,21.95336219588235,21.95336219588235,21.95336219588235,21.95336219588235,21.95336219588235,21.95336219588235,21.95336219588235,21.95336219588235,21.95336219588235,21.95336219588235,21.95336219588235,21.95336219588235,21.95336219588235
23.434907414235298,23.434907414235298,23.434907414235298,23.434907414235298,23.434907414235298,23.434907414235298,23.434907414235298,23.434907414235298,23.434907414235298,23.434907414235298,23.434907414235298,23.434907414235298,23.434907414235298,23.434907414235298,23.434907414235298,23.434907414235298,23.434907414235298,23.434907414235298,23.434907414235298,23.434907414235298,23.434907414235298
24.916452632588243,24.916452632588243,24.916452632588243,24.916452632588243,24.916452632588243,24.916452632588243,24.916452632588243,24.916452632588243,24.916452632588243,24.916452632588243,24.916452632588243,24.916452632588243,24.916452632588243,24.916452632588243,24.916452632588243,24.916452632588243,24.916452632588243,24.916452632588243,24.916452632588243,24.916452632588243,24.916452632588243
26.39799785094118,26.39799785094118,26.39799785094118,26.39799785094118,26.39799785094118,26.39799785094118,26.39799785094118,26.39799785094118,26.39799785094118,26.39799785094118,26.39799785094118,26.39799785094118,26.39799785094118,26.39799785094118,26.39799785094118,26.39799785094118,26.39799785094118,26.39799785094118,26.39799785094118,26.39799785094118,26.39799785094118
27.879543069294115,27.879543069294115,27.879543069294115,27.879543069294115,27.879543069294115,27.879543069294115,27.879543069294115,27.879543069294115,27.879543069294115,27.879543069294115,27.879543069294115,27.879543069294115,27.879543069294115,27.879543069294115,27.879543069294115,27.879543069294115,27.879543069294115,27.879543069294115,27.879543069294115,27.879543069294115,27.879543069294115
29.36108828764706,29.36108828764706,29.36108828764706,29.36108828764706,29.36108828764706,29.36108828764706,29.36108828764706,29.36108828764706,29.36108828764706,29.36108828764706,29.36108828764706,29.36108828764706,29.36108828764706,29.36108828764706,29.36108828764706,29.36108828764706,29.36108828764706,29.36108828764706,29.36108828764706,29.36108828764706,29.36108828764706
30.84263350600001,30.84263350600001,30.84263350600001,30.84263350600001,30.84263350600001,30.84263350600001,30.84263350600001,30.84263350600001,30.84263350600001,30.84263350600001,30.84263350600001,30.84263350600001,30.84263350600001,30.84263350600001,30.84263350600001,30.84263350600001,30.84263350600001,30.84263350600001,30.84263350600001,30.84263350600001,30.84263350600001
32.32417872435295,32.32417872435295,32.32417872435295,32.32417872435295,32.32417872435295,32.32417872435295,32.32417872435295,32.32417872435295,32.32417872435295,32.32417872435295,32.32417872435295,32.32417872435295,32.32417872435295,32.32417872435295,32.32417872435295,32.32417872435295,32.32417872435295,32.32417872435295,32.32417872435295,32.32417872435295,32.32417872435295
33.80572394270588,33.80572394270588,33.80572394270588,33.80572394270588,33.80572394270588,33.80572394270588,33.80572394270588,33.80572394270588,33.80572394270588,33.80572394270588,33.80572394270588,33.80572394270588,33.80572394270588,33.80572394270588,33.80572394270588,33.80572394270588,33.80572394270588,33.80572394270588,33.80572394270588,33.80572394270588,33.80572394270588
35.28726916105883,35.28726916105883,35.28726916105883,35.28726916105883,35.28726916105883,35.28726916105883,35.28726916105883,35.28726916105883,35.28726916105883,35.28726916105883,35.28726916105883,35.28726916105883,35.28726916105883,35.28726916105883,35.28726916105883,35.28726916105883,35.28726916105883,35.28726916105883,35.28726916105883,35.28726916105883,35.28726916105883
36.76881437941177,36.76881437941177,36.76881437941177,36.76881437941177,36.76881437941177,36.76881437941177,36.76881437941177,36.76881437941177,36.76881437941177,36.76881437941177,36.76881437941177,36.76881437941177,36.76881437941177,36.76881437941177,36.76881437941177,36.76881437941177,36.76881437941177,36.76881437941177,36.76881437941177,36.76881437941177,36.76881437941177
38.25035959776472,38.25035959776472,38.25035959776472,38.25035959776472,38.25035959776472,38.25035959776472,38.25035959776472,38.25035959776472,38.25035959776472,38.25035959776472,38.25035959776472,38.25035959776472,38.25035959776472,38.25035959776472,38.25035959776472,38.25035959776472,38.25035959776472,38.25035959776472,38.25035959776472,38.25035959776472,38.25035959776472
39.57141804929412,39.57141804929412,39.57141804929412,39.57141804929412,39.57141804929412,39.57141804929412,39.57141804929412,39.57141804929412,39.57141804929412,39.57141804929412,39.57141804929412,39.57141804929412,39.57141804929412,39.57141804929412,39.57141804929412,39.57141804929412,39.57141804929412,39.57141804929412,39.57141804929412,39.57141804929412,39.57141804929412
40.57150296717647,40.57150296717647,40.57150296717647,40.57150296717647,40.57150296717647,40.57150296717647,40.57150296717647,40.57150296717647,40.57150296717647,40.57150296717647,40.57150296717647,40.57150296717647,40.57150296717647,40.57150296717647,40.57150296717647,40.57150296717647,40.57150296717647,40.57150296717647,40.57150296717647,40.57150296717647,40.57150296717647
41.571587885058825,41.571587885058825,41.571587885058825,41.571587885058825,41.571587885058825,41.571587885058825,41.571587885058825,41.571587885058825,41.571587885058825,41.571587885058825,41.571587885058825,41.571587885058825,41.571587885058825,41.571587885058825,41.571587885058825,41.571587885058825,41.571587885058825,41.571587885058825,41.571587885058825,41.571587885058825,41.571587885058825
42.57167280294118,42.57167280294118,42.57167280294118,42.57167280294118,42.57167280294118,42.57167280294118,42.57167280294118,42.57167280294118,42.57167280294118,42.57167280294118,42.57167280294118,42.57167280294118,42.57167280294118,42.57167280294118,42.57167280294118,42.57167280294118,42.57167280294118,42.57167280294118,42.57167280294118,42.57167280294118,42.57167280294118
43.57175772082353,43.57175772082353,43.57175772082353,43.57175772082353,43.57175772082353,43.57175772082353,43.57175772082353,43.57175772082353,43.57175772082353,43.57175772082353,43.57175772082353,43.57175772082353,43.57175772082353,43.57175772082353,43.57175772082353,43.57175772082353,43.57175772082353,43.57175772082353,43.57175772082353,43.57175772082353,43.57175772082353
44.57184263870588,44.57184263870588,44.57184263870588,44.57184263870588,44.57184263870588,44.57184263870588,44.57184263870588,44.57184263870588,44.57184263870588,44.57184263870588,44.57184263870588,44.57184263870588,44.57184263870588,44.57184263870588,44.57184263870588,44.57184263870588,44.57184263870588,44.57184263870588,44.57184263870588,44.57184263870588,44.57184263870588
45.57192755658824,45.57192755658824,45.57192755658824,45.57192755658824,45.57192755658824,45.57192755658824,45.57192755658824,45.57192755658824,45.57192755658824,45.57192755658824,45.57192755658824,45.57192755658824,45.57192755658824,45.57192755658824,45.57192755658824,45.57192755658824,45.57192755658824,45.57192755658824,45.57192755658824,45.57192755658824,45.57192755658824
46.57201247447059,46.57201247447059,46.57201247447059,46.57201247447059,46.57201247447059,46.57201247447059,46.57201247447059,46.57201247447059,46.57201247447059,46.57201247447059,46.57201247447059,46.57201247447059,46.57201247447059,46.57201247447059,46.57201247447059,46.57201247447059,46.57201247447059,46.57201247447059,46.57201247447059,46.57201247447059,46.57201247447059
47.57209739235294,47.57209739235294,47.57209739235294,47.57209739235294,47.57209739235294,47.57209739235294,47.57209739235294,47.57209739235294,47.57209739235294,47.57209739235294,47.57209739235294,47.57209739235294,47.57209739235294,47.57209739235294,47.57209739235294,47.57209739235294,47.57209739235294,47.57209739235294,47.57209739235294,47.57209739235294,47.57209739235294
48.57218231023528,48.57218231023528,48.57218231023528,48.57218231023528,48.57218231023528,48.57218231023528,48.57218231023528,48.57218231023528,48.57218231023528,48.57218231023528,48.57218231023528,48.57218231023528,48.57218231023528,48.57218231023528,48.57218231023528,48.57218231023528,48.57218231023528,48.57218231023528,48.57218231023528,48.57218231023528,48.57218231023528
49.572267228117646,49.572267228117646,49.572267228117646,49.572267228117646,49.572267228117646,49.572267228117646,49.572267228117646,49.572267228117646,49.572267228117646,49.572267228117646,49.572267228117646,49.572267228117646,49.572267228117646,49.572267228117646,49.572267228117646,49.572267228117646,49.572267228117646,49.572267228117646,49.572267228117646,49.572267228117646,49.572267228117646
50.572352146,50.572352146,50.572352146,50.572352146,50.572352146,50.572352146,50.572352146,50.572352146,50.572352146,50.572352146,50.572352146,50.572352146,50.572352146,50.572352146,50.572352146,50.572352146,50.572352146,50.572352146,50.572352146,50.572352146,50.572352146
51.57243706388235,51.57243706388235,51.57243706388235,51.57243706388235,51.57243706388235,51.57243706388235,51.57243706388235,51.57243706388235,51.57243706388235,51.57243706388235,51.57243706388235,51.57243706388235,51.57243706388235,51.57243706388235,51.57243706388235,51.57243706388235,51.57243706388235,51.57243706388235,51.57243706388235,51.57243706388235,51.57243706388235
52.57252198176471,52.57252198176471,52.57252198176471,52.57252198176471,52.57252198176471,52.57252198176471,52.57252198176471,52.57252198176471,52.57252198176471,52.57252198176471,52.57252198176471,52.57252198176471,52.57252198176471,52.57252198176471,52.57252198176471,52.57252198176471,52.57252198176471,52.57252198176471,52.57252198176471,52.57252198176471,52.57252198176471
53.51169520329412,53.51169520329412,53.51169520329412,53.51169520329412,53.51169520329412,53.51169520329412,53.51169520329412,53.51169520329412,53.51169520329412,53.51169520329412,53.51169520329412,53.51169520329412,53.51169520329412,53.51169520329412,53.51169520329412,53.51169520329412,53.51169520329412,53.51169520329412,53.51169520329412,53.51169520329412,53.51169520329412
54.14630994305882,54.14630994305882,54.14630994305882,54.14630994305882,54.14630994305882,54.14630994305882,54.14630994305882,54.14630994305882,54.14630994305882,54.14630994305882,54.14630994305882,54.14630994305882,54.14630994305882,54.14630994305882,54.14630994305882,54.14630994305882,54.14630994305882,54.14630994305882,54.14630994305882,54.14630994305882,54.14630994305882
54.780924682823525,54.780924682823525,54.780924682823525,54.780924682823525,54.780924682823525,54.780924682823525,54.780924682823525,54.780924682823525,54.780924682823525,54.780924682823525,54.780924682823525,54.780924682823525,54.780924682823525,54.780924682823525,54.780924682823525,54.780924682823525,54.780924682823525,54.780924682823525,54.780924682823525,54.780924682823525,54.780924682823525
55.41553942258823,55.41553942258823,55.41553942258823,55.41553942258823,55.41553942258823,55.41553942258823,55.41553942258823,55.41553942258823,55.41553942258823,55.41553942258823,55.41553942258823,55.41553942258823,55.41553942258823,55.41553942258823,55.41553942258823,55.41553942258823,55.41553942258823,55.41553942258823,55.41553942258823,55.41553942258823,55.41553942258823
56.05015416235294,56.05015416235294,56.05015416235294,56.05015416235294,56.05015416235294,56.05015416235294,56.05015416235294,56.05015416235294,56.05015416235294,56.05015416235294,56.05015416235294,56.05015416235294,56.05015416235294,56.05015416235294,56.05015416235294,56.05015416235294,56.05015416235294,56.05015416235294,56.05015416235294,56.05015416235294,56.05015416235294
56.684768902117646,56.684768902117646,56.684768902117646,56.684768902117646,56.684768902117646,56.684768902117646,56.684768902117646,56.684768902117646,56.684768902117646,56.684768902117646,56.684768902117646,56.684768902117646,56.684768902117646,56.684768902117646,56.684768902117646,56.684768902117646,56.684768902117646,56.684768902117646,56.684768902117646,56.684768902117646,56.684768902117646
57.31938364188235,57.31938364188235,57.31938364188235,57.31938364188235,57.31938364188235,57.31938364188235,57.31938364188235,57.31938364188235,57.31938364188235,57.31938364188235,57.31938364188235,57.31938364188235,57.31938364188235,57.31938364188235,57.31938364188235,57.31938364188235,57.31938364188235,57.31938364188235,57.31938364188235,57.31938364188235,57.31938364188235
57.95399838164706,57.95399838164706,57.95399838164706,57.95399838164706,57.95399838164706,57.95399838164706,57.95399838164706,57.95399838164706,57.95399838164706,57.95399838164706,57.95399838164706,57.95399838164706,57.95399838164706,57.95399838164706,57.95399838164706,57.95399838164706,57.95399838164706,57.95399838164706,57.95399838164706,57.95399838164706,57.95399838164706
58.58861312141177,58.58861312141177,58.58861312141177,58.58861312141177,58.58861312141177,58.58861312141177,58.58861312141177,58.58861312141177,58.58861312141177,58.58861312141177,58.58861312141177,58.58861312141177,58.58861312141177,58.58861312141177,58.58861312141177,58.58861312141177,58.58861312141177,58.58861312141177,58.58861312141177,58.58861312141177,58.58861312141177
59.22322786117647,59.22322786117647,59.22322786117647,59.22322786117647,59.22322786117647,59.22322786117647,59.22322786117647,59.22322786117647,59.22322786117647,59.22322786117647,59.22322786117647,59.22322786117647,59.22322786117647,59.22322786117647,59.22322786117647,59.22322786117647,59.22322786117647,59.22322786117647,59.22322786117647,59.22322786117647,59.22322786117647
59.857842600941176,59.857842600941176,59.857842600941176,59.857842600941176,59.857842600941176,59.857842600941176,59.857842600941176,59.857842600941176,59.857842600941176,59.857842600941176,59.857842600941176,59.857842600941176,59.857842600941176,59.857842600941176,59.857842600941176,59.857842600941176,59.857842600941176,59.857842600941176,59.857842600941176,59.857842600941176,59.857842600941176
60.49245734070588,60.49245734070588,60.49245734070588,60.49245734070588,60.49245734070588,60.49245734070588,60.49245734070588,60.49245734070588,60.49245734070588,60.49245734070588,60.49245734070588,60.49245734070588,60.49245734070588,60.49245734070588,60.49245734070588,60.49245734070588,60.49245734070588,60.49245734070588,60.49245734070588,60.49245734070588,60.49245734070588
61.12707208047059,61.12707208047059,61.12707208047059,61.12707208047059,61.12707208047059,61.12707208047059,61.12707208047059,61.12707208047059,61.12707208047059,61.12707208047059,61.12707208047059,61.12707208047059,61.12707208047059,61.12707208047059,61.12707208047059,61.12707208047059,61.12707208047059,61.12707208047059,61.12707208047059,61.12707208047059,61.12707208047059
61.7616868202353,61.7616868202353,61.7616868202353,61.7616868202353,61.7616868202353,61.7616868202353,61.7616868202353,61.7616868202353,61.7616868202353,61.7616868202353,61.7616868202353,61.7616868202353,61.7616868202353,61.7616868202353,61.7616868202353,61.7616868202353,61.7616868202353,61.7616868202353,61.7616868202353,61.7616868202353,61.7616868202353
62.39630156,62.39630156,62.39630156,62.39630156,62.39630156,62.39630156,62.39630156,62.39630156,62.39630156,62.39630156,62.39630156,62.39630156,62.39630156,62.39630156,62.39630156,62.39630156,62.39630156,62.39630156,62.39630156,62.39630156,62.39630156
62.78334077670589,62.78334077670589,62.78334077670589,62.78334077670589,62.78334077670589,62.78334077670589,62.78334077670589,62.78334077670589,62.78334077670589,62.78334077670589,62.78334077670589,62.78334077670589,62.78334077670589,62.78334077670589,62.78334077670589,62.78334077670589,62.78334077670589,62.78334077670589,62.78334077670589,62.78334077670589,62.78334077670589
63.17037999341176,63.17037999341176,63.17037999341176,63.17037999341176,63.17037999341176,63.17037999341176,63.17037999341176,63.17037999341176,63.17037999341176,63.17037999341176,63.17037999341176,63.17037999341176,63.17037999341176,63.17037999341176,63.17037999341176,63.17037999341176,63.17037999341176,63.17037999341176,63.17037999341176,63.17037999341176,63.17037999341176
63.55741921011765,63.55741921011765,63.55741921011765,63.55741921011765,63.55741921011765,63.55741921011765,63.55741921011765,63.55741921011765,63.55741921011765,63.55741921011765,63.55741921011765,63.55741921011765,63.55741921011765,63.55741921011765,63.55741921011765,63.55741921011765,63.55741921011765,63.55741921011765,63.55741921011765,63.55741921011765,63.55741921011765
63.94445842682353,63.94445842682353,63.94445842682353,63.94445842682353,63.94445842682353,63.94445842682353,63.94445842682353,63.94445842682353,63.94445842682353,63.94445842682353,63.94445842682353,63.94445842682353,63.94445842682353,63.94445842682353,63.94445842682353,63.94445842682353,63.94445842682353,63.94445842682353,63.94445842682353,63.94445842682353,63.94445842682353
64.33149764352942,64.33149764352942,64.33149764352942,64.33149764352942,64.33149764352942,64.33149764352942,64.33149764352942,64.33149764352942,64.33149764352942,64.33149764352942,64.33149764352942,64.33149764352942,64.33149764352942,64.33149764352942,64.33149764352942,64.33149764352942,64.33149764352942,64.33149764352942,64.33149764352942,64.33149764352942,64.33149764352942
64.7185368602353,64.7185368602353,64.7185368602353,64.7185368602353,64.7185368602353,64.7185368602353,64.7185368602353,64.7185368602353,64.7185368602353,64.7185368602353,64.7185368602353,64.7185368602353,64.7185368602353,64.7185368602353,64.7185368602353,64.7185368602353,64.7185368602353,64.7185368602353,64.7185368602353,64.7185368602353,64.7185368602353
65.10557607694118,65.10557607694118,65.10557607694118,65.10557607694118,65.10557607694118,65.10557607694118,65.10557607694118,65.10557607694118,65.10557607694118,65.10557607694118,65.10557607694118,65.10557607694118,65.10557607694118,65.10557607694118,65.10557607694118,65.10557607694118,65.10557607694118,65.10557607694118,65.10557607694118,65.10557607694118,65.10557607694118
65.49261529364706,65.49261529364706,65.49261529364706,65.49261529364706,65.49261529364706,65.49261529364706,65.49261529364706,65.49261529364706,65.49261529364706,65.49261529364706,65.49261529364706,65.49261529364706,65.49261529364706,65.49261529364706,65.49261529364706,65.49261529364706,65.49261529364706,65.49261529364706,65.49261529364706,65.49261529364706,65.49261529364706
65.87965451035295,65.87965451035295,65.87965451035295,65.87965451035295,65.87965451035295,65.87965451035295,65.87965451035295,65.87965451035295,65.87965451035295,65.87965451035295,65.87965451035295,65.87965451035295,65.87965451035295,65.87965451035295,65.87965451035295,65.87965451035295,65.87965451035295,65.87965451035295,65.87965451035295,65.87965451035295,65.87965451035295
66.26669372705884,66.26669372705884,66.26669372705884,66.26669372705884,66.26669372705884,66.26669372705884,66.26669372705884,66.26669372705884,66.26669372705884,66.26669372705884,66.26669372705884,66.26669372705884,66.26669372705884,66.26669372705884,66.26669372705884,66.26669372705884,66.26669372705884,66.26669372705884,66.26669372705884,66.26669372705884,66.26669372705884
66.65373294376471,66.65373294376471,66.65373294376471,66.65373294376471,66.65373294376471,66.65373294376471,66.65373294376471,66.65373294376471,66.65373294376471,66.65373294376471,66.65373294376471,66.65373294376471,66.65373294376471,66.65373294376471,66.65373294376471,66.65373294376471,66.65373294376471,66.65373294376471,66.65373294376471,66.65373294376471,66.65373294376471
67.0407721604706,67.0407721604706,67.0407721604706,67.0407721604706,67.0407721604706,67.0407721604706,67.0407721604706,67.0407721604706,67.0407721604706,67.0407721604706,67.0407721604706,67.0407721604706,67.0407721604706,67.0407721604706,67.0407721604706,67.0407721604706,67.0407721604706,67.0407721604706,67.0407721604706,67.0407721604706,67.0407721604706
67.42781137717647,67.42781137717647,67.42781137717647,67.42781137717647,67.42781137717647,67.42781137717647,67.42781137717647,67.42781137717647,67.42781137717647,67.42781137717647,67.42781137717647,67.42781137717647,67.42781137717647,67.42781137717647,67.42781137717647,67.42781137717647,67.42781137717647,67.42781137717647,67.42781137717647,67.42781137717647,67.42781137717647
67.81485059388235,67.81485059388235,67.81485059388235,67.81485059388235,67.81485059388235,67.81485059388235,67.81485059388235,67.81485059388235,67.81485059388235,67.81485059388235,67.81485059388235,67.81485059388235,67.81485059388235,67.81485059388235,67.81485059388235,67.81485059388235,67.81485059388235,67.81485059388235,67.81485059388235,67.81485059388235,67.81485059388235
68.07132570705883,68.07132570705883,68.07132570705883,68.07132570705883,68.07132570705883,68.07132570705883,68.07132570705883,68.07132570705883,68.07132570705883,68.07132570705883,68.07132570705883,68.07132570705883,68.07132570705883,68.07132570705883,68.07132570705883,68.07132570705883,68.07132570705883,68.07132570705883,68.07132570705883,68.07132570705883,68.07132570705883
68.30168799952942,68.30168799952942,68.30168799952942,68.30168799952942,68.30168799952942,68.30168799952942,68.30168799952942,68.30168799952942,68.30168799952942,68.30168799952942,68.30168799952942,68.30168799952942,68.30168799952942,68.30168799952942,68.30168799952942,68.30168799952942,68.30168799952942,68.30168799952942,68.30168799952942,68.30168799952942,68.30168799952942
68.53205029200001,68.53205029200001,68.53205029200001,68.53205029200001,68.53205029200001,68.53205029200001,68.53205029200001,68.53205029200001,68.53205029200001,68.53205029200001,68.53205029200001,68.53205029200001,68.53205029200001,68.53205029200001,68.53205029200001,68.53205029200001,68.53205029200001,68.53205029200001,68.53205029200001,68.53205029200001,68.53205029200001
68.7624125844706,68.7624125844706,68.7624125844706,68.7624125844706,68.7624125844706,68.7624125844706,68.7624125844706,68.7624125844706,68.7624125844706,68.7624125844706,68.7624125844706,68.7624125844706,68.7624125844706,68.7624125844706,68.7624125844706,68.7624125844706,68.7624125844706,68.7624125844706,68.7624125844706,68.7624125844706,68.7624125844706
68.99277487694118,68.99277487694118,68.99277487694118,68.99277487694118,68.99277487694118,68.99277487694118,68.99277487694118,68.99277487694118,68.99277487694118,68.99277487694118,68.99277487694118,68.99277487694118,68.99277487694118,68.99277487694118,68.99277487694118,68.99277487694118,68.99277487694118,68.99277487694118,68.99277487694118,68.99277487694118,68.99277487694118
69.22313716941177,69.22313716941177,69.22313716941177,69.22313716941177,69.22313716941177,69.22313716941177,69.22313716941177,69.22313716941177,69.22313716941177,69.22313716941177,69.22313716941177,69.22313716941177,69.22313716941177,69.22313716941177,69.22313716941177,69.22313716941177,69.22313716941177,69.22313716941177,69.22313716941177,69.22313716941177,69.22313716941177
69.45349946188236,69.45349946188236,69.45349946188236,69.45349946188236,69.45349946188236,69.45349946188236,69.45349946188236,69.45349946188236,69.45349946188236,69.45349946188236,69.45349946188236,69.45349946188236,69.45349946188236,69.45349946188236,69.45349946188236,69.45349946188236,69.45349946188236,69.45349946188236,69.45349946188236,69.45349946188236,69.45349946188236
69.68386175435295,69.68386175435295,69.68386175435295,69.68386175435295,69.68386175435295,69.68386175435295,69.68386175435295,69.68386175435295,69.68386175435295,69.68386175435295,69.68386175435295,69.68386175435295,69.68386175435295,69.68386175435295,69.68386175435295,69.68386175435295,69.68386175435295,69.68386175435295,69.68386175435295,69.68386175435295,69.68386175435295
69.91422404682353,69.91422404682353,69.91422404682353,69.91422404682353,69.91422404682353,69.91422404682353,69.91422404682353,69.91422404682353,69.91422404682353,69.91422404682353,69.91422404682353,69.91422404682353,69.91422404682353,69.91422404682353,69.91422404682353,69.91422404682353,69.91422404682353,69.91422404682353,69.91422404682353,69.91422404682353,69.91422404682353
70.14458633929412,70.14458633929412,70.14458633929412,70.14458633929412,70.14458633929412,70.14458633929412,70.14458633929412,70.14458633929412,70.14458633929412,70.14458633929412,70.14458633929412,70.14458633929412,70.14458633929412,70.14458633929412,70.14458633929412,70.14458633929412,70.14458633929412,70.14458633929412,70.14458633929412,70.14458633929412,70.14458633929412
70.37494863176471,70.37494863176471,70.37494863176471,70.37494863176471,70.37494863176471,70.37494863176471,70.37494863176471,70.37494863176471,70.37494863176471,70.37494863176471,70.37494863176471,70.37494863176471,70.37494863176471,70.37494863176471,70.37494863176471,70.37494863176471,70.37494863176471,70.37494863176471,70.37494863176471,70.37494863176471,70.37494863176471
70.6053109242353,70.6053109242353,70.6053109242353,70.6053109242353,70.6053109242353,70.6053109242353,70.6053109242353,70.6053109242353,70.6053109242353,70.6053109242353,70.6053109242353,70.6053109242353,70.6053109242353,70.6053109242353,70.6053109242353,70.6053109242353,70.6053109242353,70.6053109242353,70.6053109242353,70.6053109242353,70.6053109242353
70.83567321670589,70.83567321670589,70.83567321670589,70.83567321670589,70.83567321670589,70.83567321670589,70.83567321670589,70.83567321670589,70.83567321670589,70.83567321670589,70.83567321670589,70.83567321670589,70.83567321670589,70.83567321670589,70.83567321670589,70.83567321670589,70.83567321670589,70.83567321670589,70.83567321670589,70.83567321670589,70.83567321670589
71.06603550917647,71.06603550917647,71.06603550917647,71.06603550917647,71.06603550917647,71.06603550917647,71.06603550917647,71.06603550917647,71.06603550917647,71.06603550917647,71.06603550917647,71.06603550917647,71.06603550917647,71.06603550917647,71.06603550917647,71.06603550917647,71.06603550917647,71.06603550917647,71.06603550917647,71.06603550917647,71.06603550917647
71.23290605858824,71.23290605858824,71.23290605858824,71.23290605858824,71.23290605858824,71.23290605858824,71.23290605858824,71.23290605858824,71.23290605858824,71.23290605858824,71.23290605858824,71.23290605858824,71.23290605858824,71.23290605858824,71.23290605858824,71.23290605858824,71.23290605858824,71.23290605858824,71.23290605858824,71.23290605858824,71.23290605858824
71.36803073647059,71.36803073647059,71.36803073647059,71.36803073647059,71.36803073647059,71.36803073647059,71.36803073647059,71.36803073647059,71.36803073647059,71.36803073647059,71.36803073647059,71.36803073647059,71.36803073647059,71.36803073647059,71.36803073647059,71.36803073647059,71.36803073647059,71.36803073647059,71.36803073647059,71.36803073647059,71.36803073647059
71.50315541435295,71.50315541435295,71.50315541435295,71.50315541435295,71.50315541435295,71.50315541435295,71.50315541435295,71.50315541435295,71.50315541435295,71.50315541435295,71.50315541435295,71.50315541435295,71.50315541435295,71.50315541435295,71.50315541435295,71.50315541435295,71.50315541435295,71.50315541435295,71.50315541435295,71.50315541435295,71.50315541435295
71.63828009223529,71.63828009223529,71.63828009223529,71.63828009223529,71.63828009223529,71.63828009223529,71.63828009223529,71.63828009223529,71.63828009223529,71.63828009223529,71.63828009223529,71.63828009223529,71.63828009223529,71.63828009223529,71.63828009223529,71.63828009223529,71.63828009223529,71.63828009223529,71.63828009223529,71.63828009223529,71.63828009223529
71.77340477011765,71.77340477011765,71.77340477011765,71.77340477011765,71.77340477011765,71.77340477011765,71.77340477011765,71.77340477011765,71.77340477011765,71.77340477011765,71.77340477011765,71.77340477011765,71.77340477011765,71.77340477011765,71.77340477011765,71.77340477011765,71.77340477011765,71.77340477011765,71.77340477011765,71.77340477011765,71.77340477011765
71.908529448,71.908529448,71.908529448,71.908529448,71.908529448,71.908529448,71.908529448,71.908529448,71.908529448,71.908529448,71.908529448,71.908529448,71.908529448,71.908529448,71.908529448,71.908529448,71.908529448,71.908529448,71.908529448,71.908529448,71.908529448
72.04365412588236,72.04365412588236,72.04365412588236,72.04365412588236,72.04365412588236,72.04365412588236,72.04365412588236,72.04365412588236,72.04365412588236,72.04365412588236,72.04365412588236,72.04365412588236,72.04365412588236,72.04365412588236,72.04365412588236,72.04365412588236,72.04365412588236,72.04365412588236,72.04365412588236,72.04365412588236,72.04365412588236
72.1787788037647,72.1787788037647,72.1787788037647,72.1787788037647,72.1787788037647,72.1787788037647,72.1787788037647,72.1787788037647,72.1787788037647,72.1787788037647,72.1787788037647,72.1787788037647,72.1787788037647,72.1787788037647,72.1787788037647,72.1787788037647,72.1787788037647,72.1787788037647,72.1787788037647,72.1787788037647,72.1787788037647
72.31390348164706,72.31390348164706,72.31390348164706,72.31390348164706,72.31390348164706,72.31390348164706,72.31390348164706,72.31390348164706,72.31390348164706,72.31390348164706,72.31390348164706,72.31390348164706,72.31390348164706,72.31390348164706,72.31390348164706,72.31390348164706,72.31390348164706,72.31390348164706,72.31390348164706,72.31390348164706,72.31390348164706
72.44902815952942,72.44902815952942,72.44902815952942,72.44902815952942,72.44902815952942,72.44902815952942,72.44902815952942,72.44902815952942,72.44902815952942,72.44902815952942,72.44902815952942,72.44902815952942,72.44902815952942,72.44902815952942,72.44902815952942,72.44902815952942,72.44902815952942,72.44902815952942,72.44902815952942,72.44902815952942,72.44902815952942
72.58415283741176,72.58415283741176,72.58415283741176,72.58415283741176,72.58415283741176,72.58415283741176,72.58415283741176,72.58415283741176,72.58415283741176,72.58415283741176,72.58415283741176,72.58415283741176,72.58415283741176,72.58415283741176,72.58415283741176,72.58415283741176,72.58415283741176,72.58415283741176,72.58415283741176,72.58415283741176,72.58415283741176
72.71927751529412,72.71927751529412,72.71927751529412,72.71927751529412,72.71927751529412,72.71927751529412,72.71927751529412,72.71927751529412,72.71927751529412,72.71927751529412,72.71927751529412,72.71927751529412,72.71927751529412,72.71927751529412,72.71927751529412,72.71927751529412,72.71927751529412,72.71927751529412,72.71927751529412,72.71927751529412,72.71927751529412
72.85440219317647,72.85440219317647,72.85440219317647,72.85440219317647,72.85440219317647,72.85440219317647,72.85440219317647,72.85440219317647,72.85440219317647,72.85440219317647,72.85440219317647,72.85440219317647,72.85440219317647,72.85440219317647,72.85440219317647,72.85440219317647,72.85440219317647,72.85440219317647,72.85440219317647,72.85440219317647,72.85440219317647
72.98952687105883,72.98952687105883,72.98952687105883,72.98952687105883,72.98952687105883,72.98952687105883,72.98952687105883,72.98952687105883,72.98952687105883,72.98952687105883,72.98952687105883,72.98952687105883,72.98952687105883,72.98952687105883,72.98952687105883,72.98952687105883,72.98952687105883,72.98952687105883,72.98952687105883,72.98952687105883,72.98952687105883
73.09638100623529,73.09638100623529,73.09638100623529,73.09638100623529,73.09638100623529,73.09638100623529,73.09638100623529,73.09638100623529,73.09638100623529,73.09638100623529,73.09638100623529,73.09638100623529,73.09638100623529,73.09638100623529,73.09638100623529,73.09638100623529,73.09638100623529,73.09638100623529,73.09638100623529,73.09638100623529,73.09638100623529
73.17496459870588,73.17496459870588,73.17496459870588,73.17496459870588,73.17496459870588,73.17496459870588,73.17496459870588,73.17496459870588,73.17496459870588,73.17496459870588,73.17496459870588,73.17496459870588,73.17496459870588,73.17496459870588,73.17496459870588,73.17496459870588,73.17496459870588,73.17496459870588,73.17496459870588,73.17496459870588,73.17496459870588
73.25354819117646,73.25354819117646,73.25354819117646,73.25354819117646,73.25354819117646,73.25354819117646,73.25354819117646,73.25354819117646,73.25354819117646,73.25354819117646,73.25354819117646,73.25354819117646,73.25354819117646,73.25354819117646,73.25354819117646,73.25354819117646,73.25354819117646,73.25354819117646,73.25354819117646,73.25354819117646,73.25354819117646
73.33213178364706,73.33213178364706,73.33213178364706,73.33213178364706,73.33213178364706,73.33213178364706,73.33213178364706,73.33213178364706,73.33213178364706,73.33213178364706,73.33213178364706,73.33213178364706,73.33213178364706,73.33213178364706,73.33213178364706,73.33213178364706,73.33213178364706,73.33213178364706,73.33213178364706,73.33213178364706,73.33213178364706
73.41071537611765,73.41071537611765,73.41071537611765,73.41071537611765,73.41071537611765,73.41071537611765,73.41071537611765,73.41071537611765,73.41071537611765,73.41071537611765,73.41071537611765,73.41071537611765,73.41071537611765,73.41071537611765,73.41071537611765,73.41071537611765,73.41071537611765,73.41071537611765,73.41071537611765,73.41071537611765,73.41071537611765
73.48929896858823,73.48929896858823,73.48929896858823,73.48929896858823,73.48929896858823,73.48929896858823,73.48929896858823,73.48929896858823,73.48929896858823,73.48929896858823,73.48929896858823,73.48929896858823,73.48929896858823,73.48929896858823,73.48929896858823,73.48929896858823,73.48929896858823,73.48929896858823,73.48929896858823,73.48929896858823,73.48929896858823
73.56788256105882,73.56788256105882,73.56788256105882,73.56788256105882,73.56788256105882,73.56788256105882,73.56788256105882,73.56788256105882,73.56788256105882,73.56788256105882,73.56788256105882,73.56788256105882,73.56788256105882,73.56788256105882,73.56788256105882,73.56788256105882,73.56788256105882,73.56788256105882,73.56788256105882,73.56788256105882,73.56788256105882
73.64646615352942,73.64646615352942,73.64646615352942,73.64646615352942,73.64646615352942,73.64646615352942,73.64646615352942,73.64646615352942,73.64646615352942,73.64646615352942,73.64646615352942,73.64646615352942,73.64646615352942,73.64646615352942,73.64646615352942,73.64646615352942,73.64646615352942,73.64646615352942,73.64646615352942,73.64646615352942,73.64646615352942
73.725049746,73.725049746,73.725049746,73.725049746,73.725049746,73.725049746,73.725049746,73.725049746,73.725049746,73.725049746,73.725049746,73.725049746,73.725049746,73.725049746,73.725049746,73.725049746,73.725049746,73.725049746,73.725049746,73.725049746,73.725049746
73.80363333847059,73.80363333847059,73.80363333847059,73.80363333847059,73.80363333847059,73.80363333847059,73.80363333847059,73.80363333847059,73.80363333847059,73.80363333847059,73.80363333847059,73.80363333847059,73.80363333847059,73.80363333847059,73.80363333847059,73.80363333847059,73.80363333847059,73.80363333847059,73.80363333847059,73.80363333847059,73.80363333847059
73.88221693094117,73.88221693094117,73.88221693094117,73.88221693094117,73.88221693094117,73.88221693094117,73.88221693094117,73.88221693094117,73.88221693094117,73.88221693094117,73.88221693094117,73.88221693094117,73.88221693094117,73.88221693094117,73.88221693094117,73.88221693094117,73.88221693094117,73.88221693094117,73.88221693094117,73.88221693094117,73.88221693094117
73.96080052341176,73.96080052341176,73.96080052341176,73.96080052341176,73.96080052341176,73.96080052341176,73.96080052341176,73.96080052341176,73.96080052341176,73.96080052341176,73.96080052341176,73.96080052341176,73.96080052341176,73.96080052341176,73.96080052341176,73.96080052341176,73.96080052341176,73.96080052341176,73.96080052341176,73.96080052341176,73.96080052341176
74.03938411588236,74.03938411588236,74.03938411588236,74.03938411588236,74.03938411588236,74.03938411588236,74.03938411588236,74.03938411588236,74.03938411588236,74.03938411588236,74.03938411588236,74.03938411588236,74.03938411588236,74.03938411588236,74.03938411588236,74.03938411588236,74.03938411588236,74.03938411588236,74.03938411588236,74.03938411588236,74.03938411588236
74.11796770835294,74.11796770835294,74.11796770835294,74.11796770835294,74.11796770835294,74.11796770835294,74.11796770835294,74.11796770835294,74.11796770835294,74.11796770835294,74.11796770835294,74.11796770835294,74.11796770835294,74.11796770835294,74.11796770835294,74.11796770835294,74.11796770835294,74.11796770835294,74.11796770835294,74.11796770835294,74.11796770835294
74.18551459894117,74.18551459894117,74.18551459894117,74.18551459894117,74.18551459894117,74.18551459894117,74.18551459894117,74.18551459894117,74.18551459894117,74.18551459894117,74.18551459894117,74.18551459894117,74.18551459894117,74.18551459894117,74.18551459894117,74.18551459894117,74.18551459894117,74.18551459894117,74.18551459894117,74.18551459894117,74.18551459894117
74.23098808576471,74.23098808576471,74.23098808576471,74.23098808576471,74.23098808576471,74.23098808576471,74.23098808576471,74.23098808576471,74.23098808576471,74.23098808576471,74.23098808576471,74.23098808576471,74.23098808576471,74.23098808576471,74.23098808576471,74.23098808576471,74.23098808576471,74.23098808576471,74.23098808576471,74.23098808576471,74.23098808576471
74.27646157258823,74.27646157258823,74.27646157258823,74.27646157258823,74.27646157258823,74.27646157258823,74.27646157258823,74.27646157258823,74.27646157258823,74.27646157258823,74.27646157258823,74.27646157258823,74.27646157258823,74.27646157258823,74.27646157258823,74.27646157258823,74.27646157258823,74.27646157258823,74.27646157258823,74.27646157258823,74.27646157258823
74.32193505941176,74.32193505941176,74.32193505941176,74.32193505941176,74.32193505941176,74.32193505941176,74.32193505941176,74.32193505941176,74.32193505941176,74.32193505941176,74.32193505941176,74.32193505941176,74.32193505941176,74.32193505941176,74.32193505941176,74.32193505941176,74.32193505941176,74.32193505941176,74.32193505941176,74.32193505941176,74.32193505941176
74.3674085462353,74.3674085462353,74.3674085462353,74.3674085462353,74.3674085462353,74.3674085462353,74.3674085462353,74.3674085462353,74.3674085462353,74.3674085462353,74.3674085462353,74.3674085462353,74.3674085462353,74.3674085462353,74.3674085462353,74.3674085462353,74.3674085462353,74.3674085462353,74.3674085462353,74.3674085462353,74.3674085462353
74.41288203305882,74.41288203305882,74.41288203305882,74.41288203305882,74.41288203305882,74.41288203305882,74.41288203305882,74.41288203305882,74.41288203305882,74.41288203305882,74.41288203305882,74.41288203305882,74.41288203305882,74.41288203305882,74.41288203305882,74.41288203305882,74.41288203305882,74.41288203305882,74.41288203305882,74.41288203305882,74.41288203305882
74.45835551988235,74.45835551988235,74.45835551988235,74.45835551988235,74.45835551988235,74.45835551988235,74.45835551988235,74.45835551988235,74.45835551988235,74.45835551988235,74.45835551988235,74.45835551988235,74.45835551988235,74.45835551988235,74.45835551988235,74.45835551988235,74.45835551988235,74.45835551988235,74.45835551988235,74.45835551988235,74.45835551988235
74.50382900670589,74.50382900670589,74.50382900670589,74.50382900670589,74.50382900670589,74.50382900670589,74.50382900670589,74.50382900670589,74.50382900670589,74.50382900670589,74.50382900670589,74.50382900670589,74.50382900670589,74.50382900670589,74.50382900670589,74.50382900670589,74.50382900670589,74.50382900670589,74.50382900670589,74.50382900670589,74.50382900670589
74.54930249352941,74.54930249352941,74.54930249352941,74.54930249352941,74.54930249352941,74.54930249352941,74.54930249352941,74.54930249352941,74.54930249352941,74.54930249352941,74.54930249352941,74.54930249352941,74.54930249352941,74.54930249352941,74.54930249352941,74.54930249352941,74.54930249352941,74.54930249352941,74.54930249352941,74.54930249352941,74.54930249352941
74.59477598035295,74.59477598035295,74.59477598035295,74.59477598035295,74.59477598035295,74.59477598035295,74.59477598035295,74.59477598035295,74.59477598035295,74.59477598035295,74.59477598035295,74.59477598035295,74.59477598035295,74.59477598035295,74.59477598035295,74.59477598035295,74.59477598035295,74.59477598035295,74.59477598035295,74.59477598035295,74.59477598035295
74.64024946717647,74.64024946717647,74.64024946717647,74.64024946717647,74.64024946717647,74.64024946717647,74.64024946717647,74.64024946717647,74.64024946717647,74.64024946717647,74.64024946717647,74.64024946717647,74.64024946717647,74.64024946717647,74.64024946717647,74.64024946717647,74.64024946717647,74.64024946717647,74.64024946717647,74.64024946717647,74.64024946717647
74.685722954,74.685722954,74.685722954,74.685722954,74.685722954,74.685722954,74.685722954,74.685722954,74.685722954,74.685722954,74.685722954,74.685722954,74.685722954,74.685722954,74.685722954,74.685722954,74.685722954,74.685722954,74.685722954,74.685722954,74.685722954
74.73119644082354,74.73119644082354,74.73119644082354,74.73119644082354,74.73119644082354,74.73119644082354,74.73119644082354,74.73119644082354,74.73119644082354,74.73119644082354,74.73119644082354,74.73119644082354,74.73119644082354,74.73119644082354,74.73119644082354,74.73119644082354,74.73119644082354,74.73119644082354,74.73119644082354,74.73119644082354,74.73119644082354
74.77666992764706,74.77666992764706,74.77666992764706,74.77666992764706,74.77666992764706,74.77666992764706,74.77666992764706,74.77666992764706,74.77666992764706,74.77666992764706,74.77666992764706,74.77666992764706,74.77666992764706,74.77666992764706,74.77666992764706,74.77666992764706,74.77666992764706,74.77666992764706,74.77666992764706,74.77666992764706,74.77666992764706
74.81893746388236,74.81893746388236,74.81893746388236,74.81893746388236,74.81893746388236,74.81893746388236,74.81893746388236,74.81893746388236,74.81893746388236,74.81893746388236,74.81893746388236,74.81893746388236,74.81893746388236,74.81893746388236,74.81893746388236,74.81893746388236,74.81893746388236,74.81893746388236,74.81893746388236,74.81893746388236,74.81893746388236
74.84517524717647,74.84517524717647,74.84517524717647,74.84517524717647,74.84517524717647,74.84517524717647,74.84517524717647,74.84517524717647,74.84517524717647,74.84517524717647,74.84517524717647,74.84517524717647,74.84517524717647,74.84517524717647,74.84517524717647,74.84517524717647,74.84517524717647,74.84517524717647,74.84517524717647,74.84517524717647,74.84517524717647
74.87141303047059,74.87141303047059,74.87141303047059,74.87141303047059,74.87141303047059,74.87141303047059,74.87141303047059,74.87141303047059,74.87141303047059,74.87141303047059,74.87141303047059,74.87141303047059,74.87141303047059,74.87141303047059,74.87141303047059,74.87141303047059,74.87141303047059,74.87141303047059,74.87141303047059,74.87141303047059,74.87141303047059
74.89765081376471,74.89765081376471,74.89765081376471,74.89765081376471,74.89765081376471,74.89765081376471,74.89765081376471,74.89765081376471,74.89765081376471,74.89765081376471,74.89765081376471,74.89765081376471,74.89765081376471,74.89765081376471,74.89765081376471,74.89765081376471,74.89765081376471,74.89765081376471,74.89765081376471,74.89765081376471,74.89765081376471
74.92388859705882,74.92388859705882,74.92388859705882,74.92388859705882,74.92388859705882,74.92388859705882,74.92388859705882,74.92388859705882,74.92388859705882,74.92388859705882,74.92388859705882,74.92388859705882,74.92388859705882,74.92388859705882,74.92388859705882,74.92388859705882,74.92388859705882,74.92388859705882,74.92388859705882,74.92388859705882,74.92388859705882
74.95012638035294,74.95012638035294,74.95012638035294,74.95012638035294,74.95012638035294,74.95012638035294,74.95012638035294,74.95012638035294,74.95012638035294,74.95012638035294,74.95012638035294,74.95012638035294,74.95012638035294,74.95012638035294,74.95012638035294,74.95012638035294,74.95012638035294,74.95012638035294,74.95012638035294,74.95012638035294,74.95012638035294
74.97636416364706,74.97636416364706,74.97636416364706,74.97636416364706,74.97636416364706,74.97636416364706,74.97636416364706,74.97636416364706,74.97636416364706,74.97636416364706,74.97636416364706,74.97636416364706,74.97636416364706,74.97636416364706,74.97636416364706,74.97636416364706,74.97636416364706,74.97636416364706,74.97636416364706,74.97636416364706,74.97636416364706
75.00260194694118,75.00260194694118,75.00260194694118,75.00260194694118,75.00260194694118,75.00260194694118,75.00260194694118,75.00260194694118,75.00260194694118,75.00260194694118,75.00260194694118,75.00260194694118,75.00260194694118,75.00260194694118,75.00260194694118,75.00260194694118,75.00260194694118,75.00260194694118,75.00260194694118,75.00260194694118,75.00260194694118
75.02883973023529,75.02883973023529,75.02883973023529,75.02883973023529,75.02883973023529,75.02883973023529,75.02883973023529,75.02883973023529,75.02883973023529,75.02883973023529,75.02883973023529,75.02883973023529,75.02883973023529,75.02883973023529,75.02883973023529,75.02883973023529,75.02883973023529,75.02883973023529,75.02883973023529,75.02883973023529,75.02883973023529
75.05507751352941,75.05507751352941,75.05507751352941,75.05507751352941,75.05507751352941,75.05507751352941,75.05507751352941,75.05507751352941,75.05507751352941,75.05507751352941,75.05507751352941,75.05507751352941,75.05507751352941,75.05507751352941,75.05507751352941,75.05507751352941,75.05507751352941,75.05507751352941,75.05507751352941,75.05507751352941,75.05507751352941
75.08131529682353,75.08131529682353,75.08131529682353,75.08131529682353,75.08131529682353,75.08131529682353,75.08131529682353,75.08131529682353,75.08131529682353,75.08131529682353,75.08131529682353,75.08131529682353,75.08131529682353,75.08131529682353,75.08131529682353,75.08131529682353,75.08131529682353,75.08131529682353,75.08131529682353,75.08131529682353,75.08131529682353
75.10755308011765,75.10755308011765,75.10755308011765,75.10755308011765,75.10755308011765,75.10755308011765,75.10755308011765,75.10755308011765,75.10755308011765,75.10755308011765,75.10755308011765,75.10755308011765,75.10755308011765,75.10755308011765,75.10755308011765,75.10755308011765,75.10755308011765,75.10755308011765,75.10755308011765,75.10755308011765,75.10755308011765
75.13379086341178,75.13379086341178,75.13379086341178,75.13379086341178,75.13379086341178,75.13379086341178,75.13379086341178,75.13379086341178,75.13379086341178,75.13379086341178,75.13379086341178,75.13379086341178,75.13379086341178,75.13379086341178,75.13379086341178,75.13379086341178,75.13379086341178,75.13379086341178,75.13379086341178,75.13379086341178,75.13379086341178
75.16002864670588,75.16002864670588,75.16002864670588,75.16002864670588,75.16002864670588,75.16002864670588,75.16002864670588,75.16002864670588,75.16002864670588,75.16002864670588,75.16002864670588,75.16002864670588,75.16002864670588,75.16002864670588,75.16002864670588,75.16002864670588,75.16002864670588,75.16002864670588,75.16002864670588,75.16002864670588,75.16002864670588
75.18626643,75.18626643,75.18626643,75.18626643,75.18626643,75.18626643,75.18626643,75.18626643,75.18626643,75.18626643,75.18626643,75.18626643,75.18626643,75.18626643,75.18626643,75.18626643,75.18626643,75.18626643,75.18626643,75.18626643,75.18626643
75.20138010176471,75.20138010176471,75.20138010176471,75.20138010176471,75.20138010176471,75.20138010176471,75.20138010176471,75.20138010176471,75.20138010176471,75.20138010176471,75.20138010176471,75.20138010176471,75.20138010176471,75.20138010176471,75.20138010176471,75.20138010176471,75.20138010176471,75.20138010176471,75.20138010176471,75.20138010176471,75.20138010176471
75.21649377352942,75.21649377352942,75.21649377352942,75.21649377352942,75.21649377352942,75.21649377352942,75.21649377352942,75.21649377352942,75.21649377352942,75.21649377352942,75.21649377352942,75.21649377352942,75.21649377352942,75.21649377352942,75.21649377352942,75.21649377352942,75.21649377352942,75.21649377352942,75.21649377352942,75.21649377352942,75.21649377352942
75.23160744529412,75.23160744529412,75.23160744529412,75.23160744529412,75.23160744529412,75.23160744529412,75.23160744529412,75.23160744529412,75.23160744529412,75.23160744529412,75.23160744529412,75.23160744529412,75.23160744529412,75.23160744529412,75.23160744529412,75.23160744529412,75.23160744529412,75.23160744529412,75.23160744529412,75.23160744529412,75.23160744529412
75.24672111705883,75.24672111705883,75.24672111705883,75.24672111705883,75.24672111705883,75.24672111705883,75.24672111705883,75.24672111705883,75.24672111705883,75.24672111705883,75.24672111705883,75.24672111705883,75.24672111705883,75.24672111705883,75.24672111705883,75.24672111705883,75.24672111705883,75.24672111705883,75.24672111705883,75.24672111705883,75.24672111705883
75.26183478882353,75.26183478882353,75.26183478882353,75.26183478882353,75.26183478882353,75.26183478882353,75.26183478882353,75.26183478882353,75.26183478882353,75.26183478882353,75.26183478882353,75.26183478882353,75.26183478882353,75.26183478882353,75.26183478882353,75.26183478882353,75.26183478882353,75.26183478882353,75.26183478882353,75.26183478882353,75.26183478882353
75.27694846058824,75.27694846058824,75.27694846058824,75.27694846058824,75.27694846058824,75.27694846058824,75.27694846058824,75.27694846058824,75.27694846058824,75.27694846058824,75.27694846058824,75.27694846058824,75.27694846058824,75.27694846058824,75.27694846058824,75.27694846058824,75.27694846058824,75.27694846058824,75.27694846058824,75.27694846058824,75.27694846058824
75.29206213235294,75.29206213235294,75.29206213235294,75.29206213235294,75.29206213235294,75.29206213235294,75.29206213235294,75.29206213235294,75.29206213235294,75.29206213235294,75.29206213235294,75.29206213235294,75.29206213235294,75.29206213235294,75.29206213235294,75.29206213235294,75.29206213235294,75.29206213235294,75.29206213235294,75.29206213235294,75.29206213235294
75.30717580411765,75.30717580411765,75.30717580411765,75.30717580411765,75.30717580411765,75.30717580411765,75.30717580411765,75.30717580411765,75.30717580411765,75.30717580411765,75.30717580411765,75.30717580411765,75.30717580411765,75.30717580411765,75.30717580411765,75.30717580411765,75.30717580411765,75.30717580411765,75.30717580411765,75.30717580411765,75.30717580411765
75.32228947588236,75.32228947588236,75.32228947588236,75.32228947588236,75.32228947588236,75.32228947588236,75.32228947588236,75.32228947588236,75.32228947588236,75.32228947588236,75.32228947588236,75.32228947588236,75.32228947588236,75.32228947588236,75.32228947588236,75.32228947588236,75.32228947588236,75.32228947588236,75.32228947588236,75.32228947588236,75.32228947588236
75.33740314764707,75.33740314764707,75.33740314764707,75.33740314764707,75.33740314764707,75.33740314764707,75.33740314764707,75.33740314764707,75.33740314764707,75.33740314764707,75.33740314764707,75.33740314764707,75.33740314764707,75.33740314764707,75.33740314764707,75.33740314764707,75.33740314764707,75.33740314764707,75.33740314764707,75.33740314764707,75.33740314764707
75.35251681941176,75.35251681941176,75.35251681941176,75.35251681941176,75.35251681941176,75.35251681941176,75.35251681941176,75.35251681941176,75.35251681941176,75.35251681941176,75.35251681941176,75.35251681941176,75.35251681941176,75.35251681941176,75.35251681941176,75.35251681941176,75.35251681941176,75.35251681941176,75.35251681941176,75.35251681941176,75.35251681941176
75.36763049117647,75.36763049117647,75.36763049117647,75.36763049117647,75.36763049117647,75.36763049117647,75.36763049117647,75.36763049117647,75.36763049117647,75.36763049117647,75.36763049117647,75.36763049117647,75.36763049117647,75.36763049117647,75.36763049117647,75.36763049117647,75.36763049117647,75.36763049117647,75.36763049117647,75.36763049117647,75.36763049117647
75.38274416294118,75.38274416294118,75.38274416294118,75.38274416294118,75.38274416294118,75.38274416294118,75.38274416294118,75.38274416294118,75.38274416294118,75.38274416294118,75.38274416294118,75.38274416294118,75.38274416294118,75.38274416294118,75.38274416294118,75.38274416294118,75.38274416294118,75.38274416294118,75.38274416294118,75.38274416294118,75.38274416294118
75.39785783470589,75.39785783470589,75.39785783470589,75.39785783470589,75.39785783470589,75.39785783470589,75.39785783470589,75.39785783470589,75.39785783470589,75.39785783470589,75.39785783470589,75.39785783470589,75.39785783470589,75.39785783470589,75.39785783470589,75.39785783470589,75.39785783470589,75.39785783470589,75.39785783470589,75.39785783470589,75.39785783470589
75.4076246982353,75.4076246982353,75.4076246982353,75.4076246982353,75.4076246982353,75.4076246982353,75.4076246982353,75.4076246982353,75.4076246982353,75.4076246982353,75.4076246982353,75.4076246982353,75.4076246982353,75.4076246982353,75.4076246982353,75.4076246982353,75.4076246982353,75.4076246982353,75.4076246982353,75.4076246982353,75.4076246982353
75.41632220011765,75.41632220011765,75.41632220011765,75.41632220011765,75.41632220011765,75.41632220011765,75.41632220011765,75.41632220011765,75.41632220011765,75.41632220011765,75.41632220011765,75.41632220011765,75.41632220011765,75.41632220011765,75.41632220011765,75.41632220011765,75.41632220011765,75.41632220011765,75.41632220011765,75.41632220011765,75.41632220011765
75.425019702,75.425019702,75.425019702,75.425019702,75.425019702,75.425019702,75.425019702,75.425019702,75.425019702,75.425019702,75.425019702,75.425019702,75.425019702,75.425019702,75.425019702,75.425019702,75.425019702,75.425019702,75.425019702,75.425019702,75.425019702
75.43371720388235,75.43371720388235,75.43371720388235,75.43371720388235,75.43371720388235,75.43371720388235,75.43371720388235,75.43371720388235,75.43371720388235,75.43371720388235,75.43371720388235,75.43371720388235,75.43371720388235,75.43371720388235,75.43371720388235,75.43371720388235,75.43371720388235,75.43371720388235,75.43371720388235,75.43371720388235,75.43371720388235
75.4424147057647,75.4424147057647,75.4424147057647,75.4424147057647,75.4424147057647,75.4424147057647,75.4424147057647,75.4424147057647,75.4424147057647,75.4424147057647,75.4424147057647,75.4424147057647,75.4424147057647,75.4424147057647,75.4424147057647,75.4424147057647,75.4424147057647,75.4424147057647,75.4424147057647,75.4424147057647,75.4424147057647
75.45111220764706,75.45111220764706,75.45111220764706,75.45111220764706,75.45111220764706,75.45111220764706,75.45111220764706,75.45111220764706,75.45111220764706,75.45111220764706,75.45111220764706,75.45111220764706,75.45111220764706,75.45111220764706,75.45111220764706,75.45111220764706,75.45111220764706,75.45111220764706,75.45111220764706,75.45111220764706,75.45111220764706
75.45980970952941,75.45980970952941,75.45980970952941,75.45980970952941,75.45980970952941,75.45980970952941,75.45980970952941,75.45980970952941,75.45980970952941,75.45980970952941,75.45980970952941,75.45980970952941,75.45980970952941,75.45980970952941,75.45980970952941,75.45980970952941,75.45980970952941,75.45980970952941,75.45980970952941,75.45980970952941,75.45980970952941
75.46850721141178,75.46850721141178,75.46850721141178,75.46850721141178,75.46850721141178,75.46850721141178,75.46850721141178,75.46850721141178,75.46850721141178,75.46850721141178,75.46850721141178,75.46850721141178,75.46850721141178,75.46850721141178,75.46850721141178,75.46850721141178,75.46850721141178,75.46850721141178,75.46850721141178,75.46850721141178,75.46850721141178
75.47720471329413,75.47720471329413,75.47720471329413,75.47720471329413,75.47720471329413,75.47720471329413,75.47720471329413,75.47720471329413,75.47720471329413,75.47720471329413,75.47720471329413,75.47720471329413,75.47720471329413,75.47720471329413,75.47720471329413,75.47720471329413,75.47720471329413,75.47720471329413,75.47720471329413,75.47720471329413,75.47720471329413
75.48590221517648,75.48590221517648,75.48590221517648,75.48590221517648,75.48590221517648,75.48590221517648,75.48590221517648,75.48590221517648,75.48590221517648,75.48590221517648,75.48590221517648,75.48590221517648,75.48590221517648,75.48590221517648,75.48590221517648,75.48590221517648,75.48590221517648,75.48590221517648,75.48590221517648,75.48590221517648,75.48590221517648
75.49459971705883,75.49459971705883,75.49459971705883,75.49459971705883,75.49459971705883,75.49459971705883,75.49459971705883,75.49459971705883,75.49459971705883,75.49459971705883,75.49459971705883,75.49459971705883,75.49459971705883,75.49459971705883,75.49459971705883,75.49459971705883,75.49459971705883,75.49459971705883,75.49459971705883,75.49459971705883,75.49459971705883
75.50329721894119,75.50329721894119,75.50329721894119,75.50329721894119,75.50329721894119,75.50329721894119,75.50329721894119,75.50329721894119,75.50329721894119,75.50329721894119,75.50329721894119,75.50329721894119,75.50329721894119,75.50329721894119,75.50329721894119,75.50329721894119,75.50329721894119,75.50329721894119,75.50329721894119,75.50329721894119,75.50329721894119
75.51199472082354,75.51199472082354,75.51199472082354,75.51199472082354,75.51199472082354,75.51199472082354,75.51199472082354,75.51199472082354,75.51199472082354,75.51199472082354,75.51199472082354,75.51199472082354,75.51199472082354,75.51199472082354,75.51199472082354,75.51199472082354,75.51199472082354,75.51199472082354,75.51199472082354,75.51199472082354,75.51199472082354
75.52069222270589,75.52069222270589,75.52069222270589,75.52069222270589,75.52069222270589,75.52069222270589,75.52069222270589,75.52069222270589,75.52069222270589,75.52069222270589,75.52069222270589,75.52069222270589,75.52069222270589,75.52069222270589,75.52069222270589,75.52069222270589,75.52069222270589,75.52069222270589,75.52069222270589,75.52069222270589,75.52069222270589
75.5269263222353,75.5269263222353,75.5269263222353,75.5269263222353,75.5269263222353,75.5269263222353,75.5269263222353,75.5269263222353,75.5269263222353,75.5269263222353,75.5269263222353,75.5269263222353,75.5269263222353,75.5269263222353,75.5269263222353,75.5269263222353,75.5269263222353,75.5269263222353,75.5269263222353,75.5269263222353,75.5269263222353
75.53192872058824,75.53192872058824,75.53192872058824,75.53192872058824,75.53192872058824,75.53192872058824,75.53192872058824,75.53192872058824,75.53192872058824,75.53192872058824,75.53192872058824,75.53192872058824,75.53192872058824,75.53192872058824,75.53192872058824,75.53192872058824,75.53192872058824,75.53192872058824,75.53192872058824,75.53192872058824,75.53192872058824
75.53693111894118,75.53693111894118,75.53693111894118,75.53693111894118,75.53693111894118,75.53693111894118,75.53693111894118,75.53693111894118,75.53693111894118,75.53693111894118,75.53693111894118,75.53693111894118,75.53693111894118,75.53693111894118,75.53693111894118,75.53693111894118,75.53693111894118,75.53693111894118,75.53693111894118,75.53693111894118,75.53693111894118
75.54193351729413,75.54193351729413,75.54193351729413,75.54193351729413,75.54193351729413,75.54193351729413,75.54193351729413,75.54193351729413,75.54193351729413,75.54193351729413,75.54193351729413,75.54193351729413,75.54193351729413,75.54193351729413,75.54193351729413,75.54193351729413,75.54193351729413,75.54193351729413,75.54193351729413,75.54193351729413,75.54193351729413
75.54693591564707,75.54693591564707,75.54693591564707,75.54693591564707,75.54693591564707,75.54693591564707,75.54693591564707,75.54693591564707,75.54693591564707,75.54693591564707,75.54693591564707,75.54693591564707,75.54693591564707,75.54693591564707,75.54693591564707,75.54693591564707,75.54693591564707,75.54693591564707,75.54693591564707,75.54693591564707,75.54693591564707
75.55193831400001,75.55193831400001,75.55193831400001,75.55193831400001,75.55193831400001,75.55193831400001,75.55193831400001,75.55193831400001,75.55193831400001,75.55193831400001,75.55193831400001,75.55193831400001,75.55193831400001,75.55193831400001,75.55193831400001,75.55193831400001,75.55193831400001,75.55193831400001,75.55193831400001,75.55193831400001,75.55193831400001
75.55694071235294,75.55694071235294,75.55694071235294,75.55694071235294,75.55694071235294,75.55694071235294,75.55694071235294,75.55694071235294,75.55694071235294,75.55694071235294,75.55694071235294,75.55694071235294,75.55694071235294,75.55694071235294,75.55694071235294,75.55694071235294,75.55694071235294,75.55694071235294,75.55694071235294,75.55694071235294,75.55694071235294
75.56194311070588,75.56194311070588,75.56194311070588,75.56194311070588,75.56194311070588,75.56194311070588,75.56194311070588,75.56194311070588,75.56194311070588,75.56194311070588,75.56194311070588,75.56194311070588,75.56194311070588,75.56194311070588,75.56194311070588,75.56194311070588,75.56194311070588,75.56194311070588,75.56194311070588,75.56194311070588,75.56194311070588
75.56694550905883,75.56694550905883,75.56694550905883,75.56694550905883,75.56694550905883,75.56694550905883,75.56694550905883,75.56694550905883,75.56694550905883,75.56694550905883,75.56694550905883,75.56694550905883,75.56694550905883,75.56694550905883,75.56694550905883,75.56694550905883,75.56694550905883,75.56694550905883,75.56694550905883,75.56694550905883,75.56694550905883
75.57194790741177,75.57194790741177,75.57194790741177,75.57194790741177,75.57194790741177,75.57194790741177,75.57194790741177,75.57194790741177,75.57194790741177,75.57194790741177,75.57194790741177,75.57194790741177,75.57194790741177,75.57194790741177,75.57194790741177,75.57194790741177,75.57194790741177,75.57194790741177,75.57194790741177,75.57194790741177,75.57194790741177
75.57695030576471,75.57695030576471,75.57695030576471,75.57695030576471,75.57695030576471,75.57695030576471,75.57695030576471,75.57695030576471,75.57695030576471,75.57695030576471,75.57695030576471,75.57695030576471,75.57695030576471,75.57695030576471,75.57695030576471,75.57695030576471,75.57695030576471,75.57695030576471,75.57695030576471,75.57695030576471,75.57695030576471
75.58195270411765,75.58195270411765,75.58195270411765,75.58195270411765,75.58195270411765,75.58195270411765,75.58195270411765,75.58195270411765,75.58195270411765,75.58195270411765,75.58195270411765,75.58195270411765,75.58195270411765,75.58195270411765,75.58195270411765,75.58195270411765,75.58195270411765,75.58195270411765,75.58195270411765,75.58195270411765,75.58195270411765
75.5869551024706,75.5869551024706,75.5869551024706,75.5869551024706,75.5869551024706,75.5869551024706,75.5869551024706,75.5869551024706,75.5869551024706,75.5869551024706,75.5869551024706,75.5869551024706,75.5869551024706,75.5869551024706,75.5869551024706,75.5869551024706,75.5869551024706,75.5869551024706,75.5869551024706,75.5869551024706,75.5869551024706
75.59195750082354,75.59195750082354,75.59195750082354,75.59195750082354,75.59195750082354,75.59195750082354,75.59195750082354,75.59195750082354,75.59195750082354,75.59195750082354,75.59195750082354,75.59195750082354,75.59195750082354,75.59195750082354,75.59195750082354,75.59195750082354,75.59195750082354,75.59195750082354,75.59195750082354,75.59195750082354,75.59195750082354
75.59589681458824,75.59589681458824,75.59589681458824,75.59589681458824,75.59589681458824,75.59589681458824,75.59589681458824,75.59589681458824,75.59589681458824,75.59589681458824,75.59589681458824,75.59589681458824,75.59589681458824,75.59589681458824,75.59589681458824,75.59589681458824,75.59589681458824,75.59589681458824,75.59589681458824,75.59589681458824,75.59589681458824
75.59877304376471,75.59877304376471,75.59877304376471,75.59877304376471,75.59877304376471,75.59877304376471,75.59877304376471,75.59877304376471,75.59877304376471,75.59877304376471,75.59877304376471,75.59877304376471,75.59877304376471,75.59877304376471,75.59877304376471,75.59877304376471,75.59877304376471,75.59877304376471,75.59877304376471,75.59877304376471,75.59877304376471
75.60164927294117,75.60164927294117,75.60164927294117,75.60164927294117,75.60164927294117,75.60164927294117,75.60164927294117,75.60164927294117,75.60164927294117,75.60164927294117,75.60164927294117,75.60164927294117,75.60164927294117,75.60164927294117,75.60164927294117,75.60164927294117,75.60164927294117,75.60164927294117,75.60164927294117,75.60164927294117,75.60164927294117
75.60452550211765,75.60452550211765,75.60452550211765,75.60452550211765,75.60452550211765,75.60452550211765,75.60452550211765,75.60452550211765,75.60452550211765,75.60452550211765,75.60452550211765,75.60452550211765,75.60452550211765,75.60452550211765,75.60452550211765,75.60452550211765,75.60452550211765,75.60452550211765,75.60452550211765,75.60452550211765,75.60452550211765
75.60740173129412,75.60740173129412,75.60740173129412,75.60740173129412,75.60740173129412,75.60740173129412,75.60740173129412,75.60740173129412,75.60740173129412,75.60740173129412,75.60740173129412,75.60740173129412,75.60740173129412,75.60740173129412,75.60740173129412,75.60740173129412,75.60740173129412,75.60740173129412,75.60740173129412,75.60740173129412,75.60740173129412
75.61027796047058,75.61027796047058,75.61027796047058,75.61027796047058,75.61027796047058,75.61027796047058,75.61027796047058,75.61027796047058,75.61027796047058,75.61027796047058,75.61027796047058,75.61027796047058,75.61027796047058,75.61027796047058,75.61027796047058,75.61027796047058,75.61027796047058,75.61027796047058,75.61027796047058,75.61027796047058,75.61027796047058
75.61315418964706,75.61315418964706,75.61315418964706,75.61315418964706,75.61315418964706,75.61315418964706,75.61315418964706,75.61315418964706,75.61315418964706,75.61315418964706,75.61315418964706,75.61315418964706,75.61315418964706,75.61315418964706,75.61315418964706,75.61315418964706,75.61315418964706,75.61315418964706,75.61315418964706,75.61315418964706,75.61315418964706
75.61603041882353,75.61603041882353,75.61603041882353,75.61603041882353,75.61603041882353,75.61603041882353,75.61603041882353,75.61603041882353,75.61603041882353,75.61603041882353,75.61603041882353,75.61603041882353,75.61603041882353,75.61603041882353,75.61603041882353,75.61603041882353,75.61603041882353,75.61603041882353,75.61603041882353,75.61603041882353,75.61603041882353
75.61890664799999,75.61890664799999,75.61890664799999,75.61890664799999,75.61890664799999,75.61890664799999,75.61890664799999,75.61890664799999,75.61890664799999,75.61890664799999,75.61890664799999,75.61890664799999,75.61890664799999,75.61890664799999,75.61890664799999,75.61890664799999,75.61890664799999,75.61890664799999,75.61890664799999,75.61890664799999,75.61890664799999
75.62178287717647,75.62178287717647,75.62178287717647,75.62178287717647,75.62178287717647,75.62178287717647,75.62178287717647,75.62178287717647,75.62178287717647,75.62178287717647,75.62178287717647,75.62178287717647,75.62178287717647,75.62178287717647,75.62178287717647,75.62178287717647,75.62178287717647,75.62178287717647,75.62178287717647,75.62178287717647,75.62178287717647
75.62465910635294,75.62465910635294,75.62465910635294,75.62465910635294,75.62465910635294,75.62465910635294,75.62465910635294,75.62465910635294,75.62465910635294,75.62465910635294,75.62465910635294,75.62465910635294,75.62465910635294,75.62465910635294,75.62465910635294,75.62465910635294,75.62465910635294,75.62465910635294,75.62465910635294,75.62465910635294,75.62465910635294
75.6275353355294,75.6275353355294,75.6275353355294,75.6275353355294,75.6275353355294,75.6275353355294,75.6275353355294,75.6275353355294,75.6275353355294,75.6275353355294,75.6275353355294,75.6275353355294,75.6275353355294,75.6275353355294,75.6275353355294,75.6275353355294,75.6275353355294,75.6275353355294,75.6275353355294,75.6275353355294,75.6275353355294
75.63041156470588,75.63041156470588,75.63041156470588,75.63041156470588,75.63041156470588,75.63041156470588,75.63041156470588,75.63041156470588,75.63041156470588,75.63041156470588,75.63041156470588,75.63041156470588,75.63041156470588,75.63041156470588,75.63041156470588,75.63041156470588,75.63041156470588,75.63041156470588,75.63041156470588,75.63041156470588,75.63041156470588
75.63328779388235,75.63328779388235,75.63328779388235,75.63328779388235,75.63328779388235,75.63328779388235,75.63328779388235,75.63328779388235,75.63328779388235,75.63328779388235,75.63328779388235,75.63328779388235,75.63328779388235,75.63328779388235,75.63328779388235,75.63328779388235,75.63328779388235,75.63328779388235,75.63328779388235,75.63328779388235,75.63328779388235
75.63575642729411,75.63575642729411,75.63575642729411,75.63575642729411,75.63575642729411,75.63575642729411,75.63575642729411,75.63575642729411,75.63575642729411,75.63575642729411,75.63575642729411,75.63575642729411,75.63575642729411,75.63575642729411,75.63575642729411,75.63575642729411,75.63575642729411,75.63575642729411,75.63575642729411,75.63575642729411,75.63575642729411
75.63740986917647,75.63740986917647,75.63740986917647,75.63740986917647,75.63740986917647,75.63740986917647,75.63740986917647,75.63740986917647,75.63740986917647,75.63740986917647,75.63740986917647,75.63740986917647,75.63740986917647,75.63740986917647,75.63740986917647,75.63740986917647,75.63740986917647,75.63740986917647,75.63740986917647,75.63740986917647,75.63740986917647
75.63906331105882,75.63906331105882,75.63906331105882,75.63906331105882,75.63906331105882,75.63906331105882,75.63906331105882,75.63906331105882,75.63906331105882,75.63906331105882,75.63906331105882,75.63906331105882,75.63906331105882,75.63906331105882,75.63906331105882,75.63906331105882,75.63906331105882,75.63906331105882,75.63906331105882,75.63906331105882,75.63906331105882
75.64071675294117,75.64071675294117,75.64071675294117,75.64071675294117,75.64071675294117,75.64071675294117,75.64071675294117,75.64071675294117,75.64071675294117,75.64071675294117,75.64071675294117,75.64071675294117,75.64071675294117,75.64071675294117,75.64071675294117,75.64071675294117,75.64071675294117,75.64071675294117,75.64071675294117,75.64071675294117,75.64071675294117
75.64237019482353,75.64237019482353,75.64237019482353,75.64237019482353,75.64237019482353,75.64237019482353,75.64237019482353,75.64237019482353,75.64237019482353,75.64237019482353,75.64237019482353,75.64237019482353,75.64237019482353,75.64237019482353,75.64237019482353,75.64237019482353,75.64237019482353,75.64237019482353,75.64237019482353,75.64237019482353,75.64237019482353
75.64402363670588,75.64402363670588,75.64402363670588,75.64402363670588,75.64402363670588,75.64402363670588,75.64402363670588,75.64402363670588,75.64402363670588,75.64402363670588,75.64402363670588,75.64402363670588,75.64402363670588,75.64402363670588,75.64402363670588,75.64402363670588,75.64402363670588,75.64402363670588,75.64402363670588,75.64402363670588,75.64402363670588
75.64567707858824,75.64567707858824,75.64567707858824,75.64567707858824,75.64567707858824,75.64567707858824,75.64567707858824,75.64567707858824,75.64567707858824,75.64567707858824,75.64567707858824,75.64567707858824,75.64567707858824,75.64567707858824,75.64567707858824,75.64567707858824,75.64567707858824,75.64567707858824,75.64567707858824,75.64567707858824,75.64567707858824
75.64733052047058,75.64733052047058,75.64733052047058,75.64733052047058,75.64733052047058,75.64733052047058,75.64733052047058,75.64733052047058,75.64733052047058,75.64733052047058,75.64733052047058,75.64733052047058,75.64733052047058,75.64733052047058,75.64733052047058,75.64733052047058,75.64733052047058,75.64733052047058,75.64733052047058,75.64733052047058,75.64733052047058
75.64898396235293,75.64898396235293,75.64898396235293,75.64898396235293,75.64898396235293,75.64898396235293,75.64898396235293,75.64898396235293,75.64898396235293,75.64898396235293,75.64898396235293,75.64898396235293,75.64898396235293,75.64898396235293,75.64898396235293,75.64898396235293,75.64898396235293,75.64898396235293,75.64898396235293,75.64898396235293,75.64898396235293
75.65063740423528,75.65063740423528,75.65063740423528,75.65063740423528,75.65063740423528,75.65063740423528,75.65063740423528,75.65063740423528,75.65063740423528,75.65063740423528,75.65063740423528,75.65063740423528,75.65063740423528,75.65063740423528,75.65063740423528,75.65063740423528,75.65063740423528,75.65063740423528,75.65063740423528,75.65063740423528,75.65063740423528
75.65229084611764,75.65229084611764,75.65229084611764,75.65229084611764,75.65229084611764,75.65229084611764,75.65229084611764,75.65229084611764,75.65229084611764,75.65229084611764,75.65229084611764,75.65229084611764,75.65229084611764,75.65229084611764,75.65229084611764,75.65229084611764,75.65229084611764,75.65229084611764,75.65229084611764,75.65229084611764,75.65229084611764
75.65394428799999,75.65394428799999,75.65394428799999,75.65394428799999,75.65394428799999,75.65394428799999,75.65394428799999,75.65394428799999,75.65394428799999,75.65394428799999,75.65394428799999,75.65394428799999,75.65394428799999,75.65394428799999,75.65394428799999,75.65394428799999,75.65394428799999,75.65394428799999,75.65394428799999,75.65394428799999,75.65394428799999
75.65559772988234,75.65559772988234,75.65559772988234,75.65559772988234,75.65559772988234,75.65559772988234,75.65559772988234,75.65559772988234,75.65559772988234,75.65559772988234,75.65559772988234,75.65559772988234,75.65559772988234,75.65559772988234,75.65559772988234,75.65559772988234,75.65559772988234,75.65559772988234,75.65559772988234,75.65559772988234,75.65559772988234
75.6572511717647,75.6572511717647,75.6572511717647,75.6572511717647,75.6572511717647,75.6572511717647,75.6572511717647,75.6572511717647,75.6572511717647,75.6572511717647,75.6572511717647,75.6572511717647,75.6572511717647,75.6572511717647,75.6572511717647,75.6572511717647,75.6572511717647,75.6572511717647,75.6572511717647,75.6572511717647,75.6572511717647
75.65878744082352,75.65878744082352,75.65878744082352,75.65878744082352,75.65878744082352,75.65878744082352,75.65878744082352,75.65878744082352,75.65878744082352,75.65878744082352,75.65878744082352,75.65878744082352,75.65878744082352,75.65878744082352,75.65878744082352,75.65878744082352,75.65878744082352,75.65878744082352,75.65878744082352,75.65878744082352,75.65878744082352
75.6597378457647,75.6597378457647,75.6597378457647,75.6597378457647,75.6597378457647,75.6597378457647,75.6597378457647,75.6597378457647,75.6597378457647,75.6597378457647,75.6597378457647,75.6597378457647,75.6597378457647,75.6597378457647,75.6597378457647,75.6597378457647,75.6597378457647,75.6597378457647,75.6597378457647,75.6597378457647,75.6597378457647
75.66068825070587,75.66068825070587,75.66068825070587,75.66068825070587,75.66068825070587,75.66068825070587,75.66068825070587,75.66068825070587,75.66068825070587,75.66068825070587,75.66068825070587,75.66068825070587,75.66068825070587,75.66068825070587,75.66068825070587,75.66068825070587,75.66068825070587,75.66068825070587,75.66068825070587,75.66068825070587,75.66068825070587
75.66163865564705,75.66163865564705,75.66163865564705,75.66163865564705,75.66163865564705,75.66163865564705,75.66163865564705,75.66163865564705,75.66163865564705,75.66163865564705,75.66163865564705,75.66163865564705,75.66163865564705,75.66163865564705,75.66163865564705,75.66163865564705,75.66163865564705,75.66163865564705,75.66163865564705,75.66163865564705,75.66163865564705
75.66258906058823,75.66258906058823,75.66258906058823,75.66258906058823,75.66258906058823,75.66258906058823,75.66258906058823,75.66258906058823,75.66258906058823,75.66258906058823,75.66258906058823,75.66258906058823,75.66258906058823,75.66258906058823,75.66258906058823,75.66258906058823,75.66258906058823,75.66258906058823,75.66258906058823,75.66258906058823,75.66258906058823
75.66353946552941,75.66353946552941,75.66353946552941,75.66353946552941,75.66353946552941,75.66353946552941,75.66353946552941,75.66353946552941,75.66353946552941,75.66353946552941,75.66353946552941,75.66353946552941,75.66353946552941,75.66353946552941,75.66353946552941,75.66353946552941,75.66353946552941,75.66353946552941,75.66353946552941,75.66353946552941,75.66353946552941
75.66448987047059,75.66448987047059,75.66448987047059,75.66448987047059,75.66448987047059,75.66448987047059,75.66448987047059,75.66448987047059,75.66448987047059,75.66448987047059,75.66448987047059,75.66448987047059,75.66448987047059,75.66448987047059,75.66448987047059,75.66448987047059,75.66448987047059,75.66448987047059,75.66448987047059,75.66448987047059,75.66448987047059
75.66544027541177,75.66544027541177,75.66544027541177,75.66544027541177,75.66544027541177,75.66544027541177,75.66544027541177,75.66544027541177,75.66544027541177,75.66544027541177,75.66544027541177,75.66544027541177,75.66544027541177,75.66544027541177,75.66544027541177,75.66544027541177,75.66544027541177,75.66544027541177,75.66544027541177,75.66544027541177,75.66544027541177
75.66639068035295,75.66639068035295,75.66639068035295,75.66639068035295,75.66639068035295,75.66639068035295,75.66639068035295,75.66639068035295,75.66639068035295,75.66639068035295,75.66639068035295,75.66639068035295,75.66639068035295,75.66639068035295,75.66639068035295,75.66639068035295,75.66639068035295,75.66639068035295,75.66639068035295,75.66639068035295,75.66639068035295
75.66734108529413,75.66734108529413,75.66734108529413,75.66734108529413,75.66734108529413,75.66734108529413,75.66734108529413,75.66734108529413,75.66734108529413,75.66734108529413,75.66734108529413,75.66734108529413,75.66734108529413,75.66734108529413,75.66734108529413,75.66734108529413,75.66734108529413,75.66734108529413,75.66734108529413,75.66734108529413,75.66734108529413
75.66829149023529,75.66829149023529,75.66829149023529,75.66829149023529,75.66829149023529,75.66829149023529,75.66829149023529,75.66829149023529,75.66829149023529,75.66829149023529,75.66829149023529,75.66829149023529,75.66829149023529,75.66829149023529,75.66829149023529,75.66829149023529,75.66829149023529,75.66829149023529,75.66829149023529,75.66829149023529,75.66829149023529
75.66924189517647,75.66924189517647,75.66924189517647,75.66924189517647,75.66924189517647,75.66924189517647,75.66924189517647,75.66924189517647,75.66924189517647,75.66924189517647,75.66924189517647,75.66924189517647,75.66924189517647,75.66924189517647,75.66924189517647,75.66924189517647,75.66924189517647,75.66924189517647,75.66924189517647,75.66924189517647,75.66924189517647
75.67019230011765,75.67019230011765,75.67019230011765,75.67019230011765,75.67019230011765,75.67019230011765,75.67019230011765,75.67019230011765,75.67019230011765,75.67019230011765,75.67019230011765,75.67019230011765,75.67019230011765,75.67019230011765,75.67019230011765,75.67019230011765,75.67019230011765,75.67019230011765,75.67019230011765,75.67019230011765,75.67019230011765
75.67114270505883,75.67114270505883,75.67114270505883,75.67114270505883,75.67114270505883,75.67114270505883,75.67114270505883,75.67114270505883,75.67114270505883,75.67114270505883,75.67114270505883,75.67114270505883,75.67114270505883,75.67114270505883,75.67114270505883,75.67114270505883,75.67114270505883,75.67114270505883,75.67114270505883,75.67114270505883,75.67114270505883
75.67209311,75.67209311,75.67209311,75.67209311,75.67209311,75.67209311,75.67209311,75.67209311,75.67209311,75.67209311,75.67209311,75.67209311,75.67209311,75.67209311,75.67209311,75.67209311,75.67209311,75.67209311,75.67209311,75.67209311,75.67209311
